id,location,fault_severity,severity_type,num_events,num_resources,total_log_volume
14121,118,1,2,2,1,38
9320,91,0,2,2,1,316
14394,152,1,2,2,1,2
8218,931,1,1,2,1,22
14804,120,0,1,4,2,12
1080,664,0,1,1,1,16
9731,640,0,4,1,1,3
15505,122,0,2,2,1,14
3443,263,1,2,2,1,2
13300,613,1,1,2,1,31
8976,760,1,1,2,1,5
7965,519,0,2,2,1,2
10342,746,0,1,2,2,8
6741,1066,1,1,2,2,6
7187,812,0,1,1,1,17
16780,343,0,2,1,1,2
14195,133,0,2,2,1,4
14025,976,0,1,2,2,7
8548,948,1,1,2,2,2
9566,808,0,1,2,1,9
15652,894,0,1,4,1,172
3931,875,0,1,1,1,6
4557,1024,0,2,1,1,1
3610,166,0,4,1,1,1
16574,687,0,4,1,1,1
7504,1016,1,1,1,1,2
9735,707,0,2,1,1,10
14048,978,1,1,2,1,3
6769,775,0,1,2,1,7
2514,829,0,2,1,1,6
896,732,0,1,1,1,2
4757,508,0,2,2,1,103
16358,257,1,1,1,1,2
11810,116,0,2,2,1,6
7274,830,1,1,1,1,4
2972,491,0,2,2,1,4
7392,253,0,2,2,1,10
6824,740,0,2,1,1,2
4311,704,2,1,2,1,51
12261,1089,2,1,1,1,29
14752,653,0,2,2,1,6
14992,600,2,2,1,1,3
967,892,2,1,3,1,27
8059,802,0,4,1,1,2
13406,794,0,1,4,4,10
11424,477,0,2,2,1,162
3945,684,2,2,1,1,63
10351,895,2,1,3,1,262
2272,496,0,2,2,1,53
10752,321,1,2,2,1,6
17096,1107,2,1,2,1,674
17314,1086,2,2,1,1,30
12770,895,1,1,3,1,38
3304,1099,1,2,1,1,8
9012,975,0,1,1,1,2
9928,1019,2,2,1,1,94
297,812,2,1,2,2,23
5751,342,0,2,2,1,7
17692,744,1,2,2,2,3
3688,181,0,4,1,1,3
3425,1086,1,2,1,1,23
7871,1052,1,1,2,1,14
10013,696,0,2,1,1,2
13832,1008,1,2,1,1,14
11743,798,1,2,1,1,17
10099,760,1,1,2,2,128
16682,777,1,2,1,1,5
10156,95,1,2,2,1,26
16154,699,0,5,1,1,1
14176,272,1,1,2,1,5
14964,704,2,2,1,1,35
12896,613,2,1,2,1,17
7288,846,2,2,1,1,47
15882,795,0,1,2,1,191
12441,826,1,1,3,3,20
17248,112,0,2,3,2,5
16745,778,0,2,1,1,2
5315,810,0,1,2,1,13
17118,895,1,1,2,1,2
7725,690,0,1,1,1,4
2311,494,0,1,5,2,20
4292,1095,0,2,1,1,1
15773,445,0,2,2,1,14
6531,478,0,2,2,1,219
16009,661,0,2,2,2,2
11930,380,0,2,2,1,11
8541,242,0,2,2,1,14
11019,1082,0,1,1,1,5
8274,181,0,2,2,1,8
722,1007,0,1,2,1,5
12305,131,1,2,2,1,2
11444,1007,1,1,2,1,18
4006,931,1,1,2,1,10
9231,980,1,1,1,1,2
6821,118,0,1,3,1,27
12888,373,0,2,1,1,1
6779,169,0,2,2,1,5
11232,421,0,1,3,1,14
11685,779,2,2,1,1,49
1318,690,1,1,2,2,6
909,59,1,2,1,1,4
18511,648,1,1,2,2,5
16460,478,0,2,2,1,91
12008,118,0,2,2,1,26
6811,124,0,2,2,1,37
16071,7,0,1,1,1,20
4486,12,0,1,1,1,1
183,1026,1,1,2,2,8
5729,270,0,4,1,1,1
15368,1106,0,1,1,1,51
5064,1090,0,1,1,1,16
11530,522,0,2,2,1,8
14860,1007,0,1,2,1,3
13166,836,0,1,1,1,2
14528,145,0,2,2,1,17
4202,895,1,2,4,1,16
3916,1020,1,1,1,1,13
11454,804,1,1,1,1,2
12297,1055,0,1,2,1,248
553,798,0,1,2,1,53
10390,1052,1,1,2,2,14
5056,122,0,2,2,1,10
10503,157,0,2,2,1,4
1835,802,1,1,3,3,10
10085,242,0,2,2,1,393
13807,893,0,1,3,1,139
11318,457,0,2,2,1,86
533,99,0,4,1,1,1
10538,839,1,1,1,1,90
11549,719,0,1,1,1,1
16900,793,0,1,1,1,13
599,1109,0,1,1,1,1
11700,648,0,1,3,3,7
18331,957,0,2,1,1,1
5381,600,2,2,1,1,22
13638,665,0,1,1,1,32
2703,846,0,2,1,1,2
13686,1107,0,2,1,1,44
6240,1052,2,1,2,2,10
8546,1107,0,1,2,1,226
4578,948,0,2,1,1,2
15870,646,0,1,1,1,22
17084,302,0,4,1,1,1
4114,273,0,1,1,1,1
8011,1,0,2,1,1,7
6588,124,0,2,2,1,18
12490,704,2,1,1,1,1
3975,476,0,2,2,1,99
4720,152,0,2,2,1,5
15209,734,0,1,2,1,11
6092,1076,1,2,1,1,2
9426,798,0,1,2,1,29
2307,520,0,2,2,1,23
13291,1046,0,1,2,2,5
17245,803,1,2,1,1,3
11726,963,0,1,1,1,450
15486,821,0,1,2,1,18
9033,1061,2,1,2,1,10
9959,714,0,1,2,2,10
3798,242,0,2,2,1,147
15624,613,1,1,3,1,23
5995,91,0,2,2,1,7
9644,1007,0,1,2,1,6
10779,300,0,2,2,1,44
9734,272,1,2,2,1,5
14954,1106,1,1,1,1,31
15493,611,0,1,1,1,4
6222,724,1,1,1,1,3
17390,173,1,2,1,1,2
6826,943,1,1,1,1,3
8611,821,2,1,2,1,30
9087,795,0,2,1,1,19
17472,733,1,1,1,1,5
12760,249,0,2,2,1,6
4963,704,2,2,1,1,26
6225,821,1,1,3,2,62
7959,802,0,1,1,1,2
1773,957,1,1,2,2,7
6136,408,1,2,2,1,10
5965,723,1,1,1,1,4
5390,255,0,2,2,1,7
13663,655,2,1,4,2,292
4501,888,0,1,1,1,3
13442,704,1,2,1,1,14
6958,989,0,2,1,1,1
16339,1015,0,1,1,1,8
9372,1019,0,1,2,1,58
5576,692,1,1,1,1,4
663,653,0,1,2,2,43
1473,945,1,1,1,1,6
949,651,0,1,1,1,3
10513,1106,0,1,1,1,1
14289,763,1,1,1,1,4
15260,416,0,4,1,1,2
9812,830,0,1,1,1,197
4916,704,2,2,1,1,22
17515,1024,2,1,1,1,14
17388,497,0,2,2,1,6
4450,890,0,2,1,1,3
16258,849,0,2,1,1,18
10528,208,0,1,2,1,5
4003,255,1,2,2,1,6
3954,139,1,1,2,1,7
13945,914,1,1,3,3,3
15607,326,0,1,1,1,4
11897,937,0,1,1,1,20
12609,1086,0,2,1,1,10
10122,506,0,2,2,1,261
7886,149,0,4,1,1,3
15771,846,0,2,1,1,8
17681,865,0,1,1,1,2
15863,925,2,1,1,1,20
17690,798,1,2,1,1,11
8606,243,0,2,2,1,284
11362,193,0,2,2,1,2
4604,723,0,1,1,1,1
5480,471,0,2,2,1,27
12277,1107,2,1,2,1,225
1400,375,0,2,2,1,10
6687,91,0,2,2,1,564
11153,1047,0,2,1,1,2
8313,798,2,2,1,1,64
5787,490,0,2,2,1,2
741,1051,0,1,1,1,3
16502,763,0,2,1,1,12
4036,896,0,1,3,1,41
5029,1011,0,1,1,1,2
18158,834,1,2,1,1,8
18441,118,0,2,2,1,30
4268,97,0,4,1,1,4
4092,1019,0,1,2,1,21
16819,226,0,4,1,1,2
7774,962,2,2,1,1,14
5824,885,0,2,1,1,6
7295,821,1,1,2,1,18
18146,812,0,1,1,1,407
17409,816,2,1,4,4,310
6095,638,0,4,3,1,9
9032,945,0,1,1,1,11
5210,468,0,2,2,1,17
11177,380,0,2,2,1,7
12324,1109,1,1,2,2,4
1697,1122,0,1,1,1,1
3106,1098,1,2,1,1,1
7824,376,0,1,3,1,4
2588,1,0,1,2,1,34
13644,303,0,4,1,1,1
13082,126,0,2,2,1,177
8150,520,0,2,2,1,19
6234,734,0,1,2,1,45
10350,507,0,2,2,1,50
13538,709,0,1,1,1,4
2338,466,0,2,2,1,3
17947,466,0,2,2,1,37
9786,12,0,2,1,1,2
9514,1102,0,2,1,1,2
13670,998,0,2,1,1,1
15482,727,0,1,1,1,2
12517,76,1,1,1,1,3
411,734,1,1,2,1,33
10237,830,0,1,1,1,32
12734,798,0,1,2,1,24
10863,309,0,2,2,1,6
11390,737,0,2,1,1,2
5260,1111,0,1,1,1,4
8244,314,1,2,2,1,4
4161,1023,1,1,1,1,2
16354,658,0,1,1,1,1
15236,477,0,2,2,1,113
14877,990,0,1,1,1,8
4810,445,0,2,2,1,16
4637,618,0,4,1,1,2
14124,758,1,1,1,1,1
4737,488,0,2,2,1,31
5377,643,1,1,2,1,4
14696,834,0,2,1,1,42
2880,607,1,1,3,3,13
17021,141,0,4,1,1,3
11043,497,0,2,2,1,154
6,332,1,2,1,1,2
2380,821,1,1,2,1,21
6563,794,0,1,4,4,6
2273,814,0,1,1,1,28
1743,794,1,1,3,3,4
12919,921,2,2,1,1,8
7922,742,0,1,3,2,2
8201,897,0,4,1,1,2
13659,466,0,2,2,1,10
2861,1107,0,1,2,1,35
17883,744,2,1,3,3,39
17057,122,0,2,2,1,14
12316,240,0,2,2,1,6
12541,691,0,1,3,3,9
363,809,0,1,2,1,10
4166,549,1,1,2,1,8
8354,810,0,2,1,1,17
9160,1089,1,1,1,1,16
1476,266,0,4,1,1,2
8193,1010,1,1,1,1,9
12708,1094,1,1,1,1,3
13410,345,0,2,3,2,6
12066,501,0,2,2,1,8
8570,939,0,1,1,1,2
4204,957,0,1,1,1,4
18290,373,0,2,2,1,136
11441,684,2,2,1,1,14
17975,1094,1,1,1,1,1
11262,821,0,2,1,1,28
3768,823,0,1,2,1,7
11418,244,0,2,2,1,103
13813,857,1,1,1,1,10
1665,846,1,2,1,1,20
4170,1065,0,1,1,1,1
12798,1008,0,2,1,1,18
681,1099,0,1,1,1,11
319,1099,0,1,1,1,16
17956,300,0,2,2,1,45
429,793,0,1,1,1,106
6663,906,1,1,1,1,6
10586,404,1,1,2,1,3
8583,1117,0,1,1,1,4
8030,461,0,2,2,1,6
5099,95,0,2,2,1,26
446,1056,1,1,2,2,3
5725,995,1,2,1,1,26
15436,893,0,1,3,1,38
6758,500,0,2,2,1,9
6449,122,0,2,2,1,24
4552,613,1,1,2,1,19
17865,846,0,2,1,1,33
1645,653,1,2,1,1,15
1308,100,0,2,2,1,4
8781,311,1,2,2,1,12
831,126,0,2,2,1,10
15145,1107,0,2,1,1,27
17654,477,0,1,3,2,24
603,507,0,2,2,1,122
5962,390,0,2,2,1,4
11520,756,0,1,1,1,1
10341,90,0,2,1,1,8
5070,684,0,1,2,1,40
1197,479,0,2,2,1,15
6187,734,1,1,2,1,33
733,1106,0,1,1,1,39
2242,124,0,2,2,1,23
479,1025,0,1,1,1,2
12362,473,0,2,2,1,12
14596,314,0,2,2,1,3
6801,1107,1,1,2,1,20
4896,249,1,1,4,2,26
3287,613,1,1,3,1,16
8377,161,1,2,2,1,8
14233,1029,0,1,1,1,7
5065,711,0,1,2,1,3
6233,375,0,2,2,1,99
4160,97,0,1,1,1,2
16840,244,0,2,2,1,56
18192,1054,0,1,1,1,4
7711,974,0,2,1,1,4
7254,810,1,1,2,1,14
3214,734,0,1,2,1,6
14597,1115,1,1,1,1,3
15086,867,2,1,1,1,33
8686,326,0,1,3,1,13
16989,931,2,1,4,3,32
420,686,0,1,3,2,8
16891,242,0,2,2,1,333
8046,899,1,1,5,1,8
7484,202,0,1,3,1,3
14880,923,0,1,1,1,1
16049,894,0,1,3,1,25
227,771,0,2,1,1,67
1387,95,0,2,2,1,4
12011,485,0,2,2,1,15
6123,974,0,1,1,1,2
8935,919,0,1,1,1,6
2865,1009,0,1,1,1,3
17241,814,0,2,1,1,2
5237,973,0,1,1,1,2
3185,120,1,2,2,1,4
4691,504,0,1,3,2,197
8423,500,0,2,2,1,4
17894,1058,0,2,1,1,1
14642,497,0,2,2,1,263
5292,471,0,2,2,1,29
3670,1084,1,1,1,1,6
7301,846,1,2,1,1,4
2105,234,0,2,2,2,3
1954,418,0,4,1,1,5
7699,875,0,2,1,1,4
15680,821,1,1,2,1,13
16960,490,0,2,2,1,43
2476,107,0,2,2,1,34
4646,126,0,2,2,1,95
4826,122,0,2,2,1,23
14595,1,1,2,1,1,11
12970,618,1,2,2,2,5
9353,95,0,2,2,1,7
17222,491,0,2,2,1,10
10057,500,0,2,2,1,18
12864,921,2,1,2,1,29
16999,878,0,1,1,1,2
2692,444,0,2,2,1,4
14976,963,0,1,1,1,244
6847,240,1,2,2,1,18
15784,599,0,2,1,1,14
8439,303,1,1,2,1,8
7067,684,0,2,1,1,53
18113,155,1,2,2,1,2
17415,717,0,1,1,1,2
12978,1010,0,1,1,1,15
5459,878,0,1,1,1,7
10742,991,1,1,1,1,3
497,253,0,2,2,1,10
6646,1058,0,2,1,1,2
12958,1042,0,1,2,1,17
5394,35,0,1,1,1,2
12610,648,1,1,2,2,5
5926,465,0,1,2,1,8
9713,499,0,2,2,1,346
7364,597,0,1,1,1,2
5311,836,0,1,1,1,6
13337,101,0,2,2,1,10
11149,476,0,2,2,1,161
6938,864,1,1,1,1,6
14109,808,0,1,1,1,1
16926,91,0,2,2,1,10
5219,157,0,2,2,1,34
14939,845,1,2,1,1,8
6492,695,0,1,1,1,6
4107,707,0,2,2,2,12
506,756,0,1,1,1,25
2435,738,1,1,1,1,2
12376,734,1,2,2,2,17
135,878,0,1,1,1,11
9605,244,0,2,2,1,53
13872,1084,0,2,2,1,2
15057,1008,0,2,1,1,44
11020,661,1,1,2,2,3
3536,1063,0,1,1,1,65
14249,821,2,1,2,1,216
3979,95,0,2,2,1,2
8293,407,0,4,1,1,1
2987,126,0,2,2,1,121
2361,821,2,1,2,1,45
11595,984,2,1,5,5,47
15473,641,0,1,2,1,416
8927,468,0,2,2,1,69
7128,1052,1,1,2,1,49
5580,644,0,1,2,1,20
2302,644,0,1,2,1,288
3332,468,0,2,2,1,16
15011,826,1,1,1,1,2
3262,763,0,1,2,1,14
8459,1107,0,1,2,1,146
3303,794,0,1,3,3,3
7207,124,0,2,2,1,23
2560,478,0,2,2,1,131
5935,504,0,2,2,1,15
17817,116,0,1,3,1,5
6081,704,0,1,1,1,2
1244,276,1,2,2,1,4
784,445,0,2,2,1,23
5703,846,2,1,2,1,22
4848,1,0,1,2,1,35
5634,1075,1,2,1,1,7
16696,793,0,1,1,1,79
12619,326,0,4,1,1,1
15671,252,1,2,2,1,2
12676,519,0,2,2,1,4
18093,1083,1,1,1,1,1
11855,972,1,2,3,2,6
1456,1048,0,1,1,1,1041
17460,1100,1,1,2,1,103
12099,957,0,1,2,1,3
274,244,0,2,2,1,88
105,376,1,2,2,1,10
13301,1046,0,1,2,2,4
12782,821,2,2,1,1,2
8928,324,0,2,2,1,6
11604,847,0,1,1,1,2
16445,709,0,1,1,1,1
16694,810,1,1,2,1,6
646,484,0,2,2,1,44
11171,894,0,1,3,1,28
18228,684,2,1,2,1,57
1104,760,1,1,3,2,64
16966,230,0,2,3,2,9
16874,1099,0,1,1,1,31
18127,943,1,1,1,1,3
1205,242,0,2,2,1,279
3172,122,0,2,2,1,49
18535,133,0,2,2,1,6
8729,734,1,1,2,1,39
3384,9,0,1,2,1,234
7640,998,0,1,1,1,1
7007,1049,0,1,1,1,2
11469,229,0,1,3,1,19
16837,1065,1,1,1,1,1
17237,878,0,1,1,1,1
19,644,1,1,2,1,7
14290,249,0,1,3,1,4
6761,321,0,1,2,1,3
15850,100,0,2,2,1,31
16249,126,0,2,2,1,24
11170,322,0,4,1,1,1
9380,618,1,1,1,1,2
1790,148,0,2,1,1,2
14735,1075,2,1,2,1,31
14241,57,1,1,1,1,2
5689,91,0,2,2,1,220
14799,462,1,2,1,1,2
15037,790,0,1,1,1,2
17745,1008,1,2,1,1,1
874,1100,2,1,2,1,157
11724,707,0,2,1,1,2
12109,662,0,1,2,2,3
2589,679,1,1,1,1,16
1619,533,0,1,4,3,7
9224,658,0,1,1,1,2
6197,1117,0,2,1,1,2
6643,51,1,1,2,2,3
14544,1125,1,1,1,1,2
14337,1109,0,1,1,1,2
16159,135,0,2,2,1,48
12623,297,0,4,1,1,2
11193,897,1,1,4,1,7
10700,498,0,2,2,1,2
1264,808,0,1,3,2,21
18386,526,0,2,2,1,18
5364,504,0,2,2,1,86
16123,603,0,1,1,1,2
6111,599,1,2,1,1,31
7607,810,2,1,3,1,57
14830,619,1,1,1,1,4
12961,1061,2,1,2,1,25
16230,9,0,1,2,1,4
8174,760,1,1,2,2,3
15369,1052,0,2,1,1,15
4558,122,0,2,2,1,181
12259,707,0,2,2,2,5
14532,805,0,1,1,1,3
6004,124,0,2,2,1,35
12646,380,0,2,2,1,6
8685,159,0,2,2,1,10
11183,477,0,1,1,1,2
8953,108,1,2,2,1,2
17491,691,0,2,2,2,6
13130,496,0,2,2,1,332
14740,814,0,2,1,1,5
532,1090,0,1,1,1,2
13907,765,1,2,1,1,3
18363,609,1,1,2,2,32
10422,584,0,2,1,1,1
6041,600,0,2,1,1,103
8590,897,2,1,9,1,66
17319,455,0,2,2,1,30
14844,790,1,1,2,2,10
6719,845,2,2,1,1,18
417,856,1,2,3,2,4
16552,1093,1,1,1,1,3
2145,466,0,2,2,1,126
13169,154,0,1,1,1,2
15657,102,0,2,2,1,4
17361,507,0,2,2,1,50
17844,242,0,2,2,1,320
16368,126,0,2,2,1,55
4652,810,0,2,1,1,4
4238,931,0,2,1,1,6
7490,834,2,1,2,1,31
8847,962,0,2,1,1,12
11995,896,0,1,4,1,19
7139,493,0,2,2,1,4
6002,477,0,2,2,1,110
14402,830,0,1,1,1,1
14409,793,0,1,1,1,76
1098,891,0,1,1,1,8
12774,278,1,2,3,2,9
5249,704,2,2,1,1,93
1382,1019,2,2,1,1,11
15226,130,1,1,1,1,2
94,1111,2,1,1,1,12
9591,398,0,4,1,1,1
11886,754,0,1,1,1,3
1621,1020,1,1,1,1,1
810,1025,0,4,1,1,4
8536,161,1,2,2,1,4
3169,300,1,2,2,1,7
6788,926,2,1,2,2,48
3111,681,0,1,1,1,16
4080,62,1,1,1,1,2
18193,442,1,2,2,1,4
16218,807,1,1,1,1,60
4246,282,0,4,1,1,2
14125,699,0,1,1,1,1
821,1008,1,2,1,1,35
13006,337,0,4,1,1,2
18173,822,0,1,1,1,2
11276,962,0,2,1,1,20
10371,496,0,2,2,1,355
9261,495,0,2,2,1,452
18297,1061,0,2,1,1,5
912,1090,1,1,1,1,6
7579,1050,1,1,1,1,2
10263,236,1,2,2,1,40
18391,810,0,1,2,1,36
16015,823,1,1,2,1,35
17938,122,0,2,2,1,21
2894,934,0,1,1,1,1
6648,1008,0,2,1,1,3
11137,603,2,1,1,1,1
17054,149,0,2,2,1,75
6495,984,0,2,1,1,10
10070,126,0,2,2,1,14
11029,1054,1,2,1,1,2
16043,495,0,2,2,1,25
12529,534,0,1,3,2,13
9536,420,1,2,2,1,6
5281,645,0,1,2,1,543
14815,13,0,1,1,1,4
11651,102,1,2,2,1,4
6697,700,0,2,1,1,1
488,400,0,4,1,1,2
9228,760,1,4,1,1,12
6298,600,2,2,1,1,101
12674,128,0,2,2,1,2
18262,278,0,1,3,1,4
3569,983,1,1,1,1,1
17870,473,0,2,2,1,8
2074,507,0,2,2,1,33
16700,821,2,1,2,1,66
8286,375,1,2,2,1,76
6739,691,0,2,3,2,22
13417,613,0,1,3,1,4
12365,682,0,1,1,1,8
6966,918,1,1,1,1,6
6572,1048,0,2,1,1,2
8558,834,0,1,2,1,12
11860,468,0,1,3,1,14
15193,964,0,1,1,1,2
17502,1024,0,1,1,1,30
13120,288,0,1,3,2,7
17275,175,1,2,1,1,2
16879,695,0,1,1,1,4
18392,418,1,2,2,1,4
11333,328,0,2,2,1,5
16107,808,0,1,3,2,3
2054,147,0,2,2,1,11
6395,100,0,2,2,1,9
14049,500,0,2,2,1,6
10894,128,0,2,2,1,6
6591,1065,1,1,1,1,4
11403,976,0,2,1,1,7
18213,849,0,1,1,1,6
1691,518,0,2,2,1,139
13032,879,0,1,1,1,3
13322,1076,0,2,1,1,2
1974,1037,0,2,1,1,1
8387,328,0,4,1,1,1
9942,255,0,2,2,1,35
9577,957,0,1,1,1,6
5904,135,0,2,2,1,73
7456,262,0,1,3,1,4
14265,945,0,1,1,1,7
17219,476,0,2,2,1,7
1086,1093,0,1,1,1,2
17788,296,0,2,2,1,6
5336,498,0,2,2,1,50
1314,810,0,2,1,1,17
7208,845,0,2,1,1,4
10998,9,0,1,3,2,50
2143,794,0,1,2,2,3
1164,794,2,1,4,4,140
6471,894,2,1,3,1,239
9099,798,0,2,1,1,26
13296,999,1,1,1,1,1
978,802,1,2,3,3,5
3645,243,0,2,2,1,6
4802,296,1,2,2,1,3
10027,684,1,1,2,1,79
1022,767,2,1,2,2,12
11848,892,0,1,3,1,407
15419,278,0,4,1,1,1
3058,240,0,2,2,1,3
7001,600,2,2,1,1,29
8160,721,0,1,1,1,20
14414,1086,2,1,3,2,17
8415,546,1,2,1,1,4
12471,171,0,1,2,1,3
11077,281,0,2,2,1,4
7847,931,0,2,1,1,3
6851,126,0,2,2,1,159
4852,1099,0,1,1,1,15
3982,116,0,1,2,1,2
8727,885,0,2,1,1,7
10683,484,0,2,2,1,4
9412,404,1,2,2,1,6
6288,999,1,1,1,1,3
18012,584,0,2,1,1,2
6261,477,0,2,2,1,53
8481,1103,1,1,2,2,4
7926,469,0,2,2,1,71
8789,1052,2,1,2,1,28
2542,984,1,1,1,1,1
3571,821,1,1,2,1,23
5602,707,0,2,2,2,5
570,1089,0,1,1,1,3
18452,457,0,2,2,1,44
10478,1119,2,1,1,1,50
9793,344,0,2,2,1,24
7516,276,1,2,1,1,2
15506,686,0,1,4,4,19
4969,1117,0,2,1,1,2
11738,1107,1,1,3,2,51
9037,473,0,2,2,1,7
2180,12,1,1,2,2,3
4831,876,0,1,1,1,15
4524,810,0,1,3,1,14
897,373,0,2,2,1,158
11590,635,0,1,1,1,2
16275,613,2,1,2,1,48
6421,834,0,1,2,1,45
12977,91,0,2,2,1,671
10389,124,0,2,2,1,22
716,895,2,1,3,1,20
3821,643,0,4,1,1,2
9584,500,0,2,2,1,6
18110,644,2,1,2,1,28
2184,1014,0,1,3,3,27
4253,1104,0,2,1,1,1
149,504,0,2,2,1,11
18163,480,0,2,2,1,115
17847,122,0,2,2,1,17
14558,1107,1,1,2,1,57
16573,733,0,1,1,1,1
18039,691,1,2,3,2,67
1428,921,1,1,1,1,1
13919,1083,0,2,1,1,3
5775,763,1,2,1,1,16
12068,899,0,1,1,1,2
2596,244,0,2,2,1,56
15036,895,0,1,4,1,6
13999,846,0,2,1,1,1
3182,157,0,2,2,1,9
18498,892,0,1,3,1,19
2860,798,1,2,1,1,11
6724,707,0,1,2,1,6
5413,845,2,2,1,1,72
1716,1008,1,2,1,1,45
1699,498,0,2,2,1,168
7576,627,0,2,3,2,21
14634,145,1,2,2,1,8
11523,298,0,4,1,1,1
18341,498,0,2,2,1,29
16010,891,0,1,1,1,55
12862,1052,1,2,1,1,12
1492,755,0,2,1,1,2
12573,805,0,1,1,1,3
9422,126,0,2,2,1,39
9444,846,0,2,1,1,20
1646,1111,0,1,1,1,6
1447,642,1,1,3,1,8
14855,363,0,2,2,1,5
8602,497,0,2,2,1,353
6700,480,0,2,2,1,92
9205,714,0,2,1,1,1
8176,809,0,2,1,1,2
8376,496,0,2,2,1,2
12353,1042,0,2,1,1,26
14661,1019,0,1,1,1,1
14212,1089,2,1,1,1,58
6694,995,1,1,2,1,13
385,1107,1,1,2,1,42
13113,803,0,1,1,1,5
7670,504,0,2,2,1,9
10675,798,2,2,1,1,28
2221,1061,0,2,1,1,2
7758,704,1,2,1,1,16
11979,120,0,2,2,1,6
1217,451,0,2,2,1,87
16468,1010,0,2,1,1,3
6061,638,0,4,2,1,6
17735,846,1,2,1,1,15
18275,380,0,2,2,1,4
16407,584,0,1,1,1,3
4042,476,0,1,3,2,18
501,157,0,2,2,1,6
9005,471,0,2,2,1,238
4972,120,0,1,3,1,3
8107,488,0,2,2,1,26
13101,400,0,2,2,1,7
14400,735,0,2,1,1,1
11777,244,0,2,2,1,15
9951,805,0,1,2,2,6
7844,800,0,1,1,1,2
10539,809,0,1,2,1,7
11882,240,0,2,2,1,14
16092,734,0,1,2,1,28
2662,149,0,1,3,1,4
11023,902,0,1,1,1,2
4527,500,0,4,1,1,1
1051,480,0,2,2,1,122
14751,478,0,2,2,1,106
9096,968,0,1,1,1,7
14820,812,1,1,2,2,45
15604,944,0,1,1,1,12
13892,505,0,2,2,1,356
2186,480,0,2,2,1,97
9817,497,0,2,2,1,377
15340,709,0,1,1,1,5
15877,26,1,4,1,1,2
2277,836,0,1,1,1,4
15816,477,0,2,2,1,143
11167,343,0,4,1,1,2
4175,684,1,2,1,1,8
15765,466,0,2,2,1,20
3401,893,1,1,4,1,193
1981,600,1,2,1,1,16
15993,885,0,1,1,1,6
5907,638,0,1,1,1,3
18031,369,0,2,2,2,4
4028,484,0,2,2,1,56
6891,1063,0,1,1,1,5
18227,126,0,4,1,1,2
7951,1031,1,1,1,1,1
12022,643,1,1,1,1,2
12753,124,0,2,2,1,43
12320,903,0,2,1,1,1
5386,459,0,2,2,1,10
14658,276,0,1,3,1,4
622,856,1,2,3,2,4
6988,408,1,2,2,1,27
5537,1109,1,1,2,2,4
17106,181,0,2,2,1,27
13793,846,2,2,1,1,22
193,979,0,1,1,1,2
6059,335,1,2,2,1,4
4272,115,0,2,2,1,4
15383,846,1,2,1,1,4
4934,931,0,2,1,1,2
3646,175,1,1,2,1,5
14240,983,1,1,2,1,3
15303,810,0,1,2,1,6
8487,721,1,1,1,1,2
295,1050,1,1,1,1,3
5259,1,0,1,3,2,5
2118,379,0,2,2,1,6
18539,147,0,1,3,1,5
157,1072,0,1,1,1,6
12651,1030,1,1,1,1,4
900,819,1,4,1,1,3
3681,157,0,2,2,1,8
13970,845,2,1,2,1,50
7779,763,2,1,2,1,59
13880,618,1,1,2,2,5
14425,1038,1,1,1,1,4
11781,1044,0,1,1,1,4
7286,837,1,1,1,1,1
10427,229,1,1,3,1,22
4303,477,0,2,2,1,21
15913,1096,0,1,1,1,2
616,885,1,1,1,1,14
17051,964,0,2,1,1,1
10167,373,0,2,2,1,64
3566,518,0,4,1,1,6
10457,49,0,1,1,1,1
11166,848,0,2,1,1,1
8099,242,0,4,1,1,1
16791,744,1,1,2,2,9
665,1008,1,2,1,1,16
11816,829,0,2,1,1,3
855,1019,2,1,2,1,74
11078,894,0,1,3,1,82
15359,1034,2,1,1,1,1
13401,1049,0,1,1,1,6
8017,609,0,2,1,1,2
491,808,0,1,2,1,5
7900,477,0,2,2,1,11
3968,665,0,1,1,1,8
18111,963,0,1,1,1,1
9877,819,0,4,1,1,1
9134,805,0,1,1,1,4
15523,445,0,2,2,1,19
7902,891,0,2,1,1,5
1864,1107,2,1,2,1,170
8032,734,2,1,2,1,40
4756,745,2,1,4,4,17
4176,206,0,1,3,1,7
11482,930,0,1,1,1,1
16543,446,0,2,2,1,3
5903,344,0,2,2,1,22
1228,91,1,2,1,1,4
1533,475,0,2,2,1,36
15606,644,1,1,2,1,3
11776,1023,1,2,2,2,2
1430,807,0,4,1,1,1
5299,467,0,1,3,1,8
9479,118,0,2,2,1,30
14690,408,0,2,2,1,32
3364,13,1,1,1,1,4
9065,9,0,1,2,1,34
13823,1022,0,1,1,1,2
5229,496,0,2,2,1,451
9102,292,1,2,2,1,7
9908,1117,0,2,1,1,2
15274,962,1,1,2,1,16
15710,684,2,1,1,1,1
15801,1008,2,1,2,1,43
12900,476,0,2,2,1,16
10326,707,0,2,2,2,2
7841,690,0,1,1,1,22
16283,704,0,1,2,1,20
917,448,1,2,2,1,6
11861,803,1,1,1,1,2
17029,640,0,1,1,1,3
17343,1107,2,1,2,1,5
14267,864,1,1,1,1,5
13102,460,0,2,2,1,11
6991,794,0,1,4,4,11
3952,1,1,1,2,1,23
11868,46,0,1,1,1,2
11058,1066,0,1,1,1,2
16359,899,0,4,3,1,6
16972,845,1,2,1,1,24
12255,938,1,1,2,2,5
18005,1042,0,2,1,1,12
2237,135,0,2,2,1,52
13926,653,1,2,1,1,18
5337,1,0,1,2,1,25
18010,601,1,1,2,2,4
9630,884,0,1,1,1,6
8680,1042,0,2,1,1,23
17306,159,1,1,3,2,27
4165,1050,1,2,2,2,2
11355,892,0,1,3,1,21
5201,242,0,2,2,1,239
1702,810,1,1,2,1,14
7657,1118,0,1,1,1,24
12464,466,0,2,2,1,30
8784,793,0,1,1,1,6
9469,793,0,1,1,1,4
5505,307,0,4,1,1,2
14461,684,0,1,2,1,35
7649,253,0,1,2,1,2
10954,942,0,4,1,1,1
8856,609,1,2,3,2,18
1085,497,0,2,2,1,346
14363,122,0,2,2,1,18
6625,489,0,2,2,1,11
8806,962,2,1,2,1,28
10642,600,2,2,1,1,94
6787,171,0,2,2,1,33
17832,509,0,2,2,1,22
5406,793,0,2,1,1,6
6130,495,0,2,2,1,502
742,1107,0,1,2,1,11
10531,755,0,1,1,1,3
3806,128,0,2,2,1,4
8367,863,1,1,1,1,4
541,488,0,2,2,1,15
5058,738,1,1,1,1,1
14133,173,0,2,3,2,5
4980,311,0,1,3,1,6
1632,441,1,2,2,1,4
16847,932,0,2,1,1,2
500,280,0,4,1,1,1
16045,88,0,2,2,2,3
18076,1000,0,1,2,2,6
6832,931,1,1,2,1,4
12891,938,0,2,1,1,1
640,744,0,1,2,2,10
10946,507,0,2,2,1,33
11820,895,1,1,3,1,74
15119,159,1,2,1,1,2
10451,333,0,4,1,1,3
10131,471,0,2,2,1,319
8041,155,0,2,2,1,29
6892,821,0,1,2,1,12
8794,229,0,4,1,1,2
16213,466,0,2,2,1,145
7130,816,0,1,1,1,3
13070,846,2,2,1,1,24
10153,270,0,2,2,1,4
3101,244,0,2,2,1,70
5075,782,0,1,2,2,19
3736,712,0,1,2,1,4
16064,1008,2,2,1,1,12
12893,1061,1,2,1,1,14
5899,808,0,2,1,1,2
3195,816,1,1,3,3,11
8422,1120,1,1,1,1,5
4223,509,0,2,2,1,12
9263,600,1,2,1,1,37
4833,107,1,2,2,1,25
7284,763,2,2,1,1,47
13689,1103,1,1,2,2,3
1574,1008,0,1,2,1,17
8987,607,0,2,3,3,3
15944,373,0,2,2,1,144
9441,102,1,2,2,1,26
16147,946,0,2,1,1,1
3994,976,2,1,2,1,52
777,1023,1,1,2,2,8
13142,466,0,2,2,1,41
10146,1072,0,1,1,1,28
9583,126,0,2,2,1,32
3629,1005,0,1,1,1,2
9081,845,1,2,1,1,15
9611,1042,1,2,1,1,27
984,445,0,2,2,1,14
8344,301,0,2,2,1,4
11252,600,0,2,1,1,38
10282,445,0,2,2,1,4
10561,1018,0,1,2,1,3
6715,1011,1,1,1,1,2
11753,661,1,4,2,2,12
2432,923,0,1,1,1,4
15157,1049,2,1,1,1,191
2627,118,0,2,2,1,37
843,895,2,1,4,1,20
1675,91,0,2,2,1,521
15140,957,0,2,2,2,2
7874,126,0,2,2,1,16
415,903,1,1,1,1,42
4435,558,1,2,1,1,2
7798,618,1,4,1,1,2
16494,707,0,1,3,2,15
8263,1010,1,2,1,1,21
8523,742,0,1,3,2,338
1793,1107,2,1,2,1,108
15593,899,1,1,3,1,9
5545,1007,0,1,2,1,9
5889,794,0,1,3,3,7
15923,507,0,2,2,1,12
2576,1038,1,1,1,1,38
14879,326,1,2,2,1,4
9148,903,0,2,1,1,1
3512,145,0,1,2,1,3
12789,1049,0,1,1,1,9
3941,409,1,2,2,1,8
11052,342,0,4,1,1,4
7720,991,2,1,1,1,97
15625,375,1,2,2,1,9
33,473,0,2,2,1,12
17490,584,0,1,1,1,8
14456,808,0,1,2,1,20
2452,116,1,1,3,2,5
7338,1089,1,1,1,1,2
17440,102,0,2,2,1,20
12038,349,0,2,2,1,2
7179,1058,1,1,2,1,5
10343,91,0,2,2,1,357
49,484,0,2,2,1,30
8163,821,2,1,2,1,73
16950,495,0,2,2,1,229
12761,1052,2,1,2,1,25
5123,344,1,2,2,1,4
14988,470,0,2,2,1,9
10620,244,0,2,2,1,52
6975,653,2,2,1,1,4
9604,462,0,4,1,1,3
3921,771,2,1,2,1,458
16832,821,2,2,1,1,26
17837,466,0,2,2,1,47
11872,974,1,1,1,1,2
14522,358,1,2,2,1,6
13015,951,0,1,1,1,2
9520,1046,1,2,2,2,3
4749,309,1,1,2,1,4
9675,653,1,1,2,2,17
8071,133,1,2,2,1,4
9519,931,1,2,1,1,11
721,798,0,2,1,1,14
1653,899,0,1,4,1,37
13560,810,2,1,2,1,40
12921,342,1,2,2,1,4
2715,68,1,1,1,1,23
5183,596,1,1,1,1,3
1239,244,0,2,2,1,48
17297,415,1,2,2,1,5
10115,601,1,1,3,3,8
11846,976,1,1,2,1,18
10501,1052,0,2,1,1,6
12772,466,0,2,2,1,24
2067,1018,0,1,2,1,6
11585,44,0,4,2,1,1
13940,653,2,2,1,1,8
7131,446,0,1,1,1,2
12352,1078,0,1,1,1,27
3236,809,0,2,1,1,2
13240,495,0,2,2,1,89
581,1007,0,2,1,1,1
6581,1019,0,2,1,1,18
6219,674,2,1,1,1,10
11757,673,1,1,1,1,16
8852,774,0,2,1,1,11
5179,846,1,2,1,1,6
1105,467,0,1,2,1,3
12535,1042,1,2,1,1,28
17546,276,0,2,2,1,7
13201,242,0,2,2,1,375
15848,834,0,1,3,2,54
11224,823,0,2,1,1,2
12147,943,0,1,1,1,6
10776,407,1,2,2,1,2
2363,891,0,1,1,1,9
8994,459,0,2,2,1,4
13847,378,0,2,2,1,7
17436,798,2,2,1,1,66
2541,1103,0,1,1,1,1
1152,891,0,1,1,1,4
17914,446,1,1,3,2,9
2397,104,0,2,3,2,9
10648,380,0,2,2,1,12
8275,936,1,1,3,3,8
7916,1106,1,1,1,1,1
3495,979,1,1,2,2,4
14895,794,1,1,3,3,8
9137,704,0,2,1,1,4
9606,252,1,4,1,1,1
7196,723,0,1,1,1,3
6319,584,0,2,1,1,20
11431,34,0,1,1,1,5
3166,839,1,1,1,1,1
6740,707,0,2,2,2,6
16904,846,1,2,1,1,51
6198,655,1,1,5,2,62
1406,735,0,1,3,2,14
3528,879,0,1,1,1,3
11571,463,0,2,2,1,6
17811,1100,1,1,2,1,54
1658,126,0,2,2,1,33
10400,849,0,1,1,1,2
11824,613,0,2,2,1,1
6831,699,0,1,1,1,1
10938,830,0,1,1,1,202
2440,1075,2,2,1,1,32
13393,856,1,1,3,3,4
16144,818,1,1,1,1,5
9621,375,0,2,2,1,41
3141,755,0,1,1,1,4
13593,786,0,1,1,1,4
15446,495,0,2,2,1,28
8100,91,0,2,2,1,10
8694,1015,1,1,1,1,14
7151,834,0,2,1,1,16
4496,693,1,1,1,1,4
8408,790,0,1,1,1,2
15952,1,1,1,2,1,8
15580,798,2,2,1,1,35
6221,909,2,1,1,1,16
4642,793,0,1,1,1,23
14545,465,0,2,2,1,14
9587,967,1,4,1,1,2
7919,724,1,1,1,1,6
13384,139,1,2,2,1,8
3053,793,0,1,2,2,27
472,122,0,2,2,1,21
811,314,0,2,2,1,12
17966,795,0,1,1,1,2
9770,696,0,2,1,1,27
11806,479,0,2,2,1,24
7108,1083,2,1,1,1,14
16491,821,2,2,1,1,32
8922,515,0,2,2,1,209
14724,684,1,2,1,1,58
7820,794,0,1,2,2,7
13196,151,1,2,2,1,4
1381,695,1,1,1,1,2
17200,471,0,2,2,1,32
914,714,1,2,2,2,1
5891,839,0,4,1,1,56
14452,484,0,2,2,1,2
4493,821,0,1,2,1,32
1822,1052,1,1,2,1,179
4097,51,0,1,1,1,1
3815,995,2,1,2,1,62
14397,122,0,2,2,1,50
262,994,0,2,1,1,2
10185,1052,2,1,2,1,115
2464,7,0,1,1,1,37
2725,460,1,2,2,1,30
10474,481,0,2,2,1,95
9198,653,2,1,2,1,21
13354,1008,2,2,1,1,46
12226,7,0,1,1,1,12
12496,707,0,2,1,1,8
2718,476,0,2,2,1,20
4301,467,0,2,2,1,8
11134,1083,0,1,1,1,12
17653,1016,1,1,1,1,2
11079,518,0,2,2,1,124
8096,8,0,1,2,1,3
4721,742,0,1,2,1,3
6069,373,0,2,2,1,69
15313,466,0,2,2,1,79
18179,627,0,1,3,2,274
10587,256,0,2,2,1,2
660,124,0,2,2,1,8
16476,881,0,1,2,2,16
6013,126,0,2,2,1,55
3072,118,0,2,2,1,35
18215,931,0,1,2,1,41
9294,140,0,1,2,1,5
12430,267,0,2,2,1,4
412,1080,1,1,2,2,6
5809,124,0,2,2,1,18
8808,495,0,2,2,1,415
4576,477,0,2,2,1,84
7344,424,0,2,2,1,5
3965,91,0,2,2,1,401
12984,942,0,1,2,2,2
6890,844,1,1,1,1,8
10645,710,0,2,1,1,2
8309,1104,0,1,1,1,2
17659,1031,0,1,1,1,29
836,128,0,4,1,1,1
11692,628,0,1,1,1,4
14575,768,0,1,1,1,4
11586,1050,1,4,3,3,5
9052,1100,0,1,2,1,69
2932,957,1,4,1,1,4
14215,692,0,1,1,1,1
18536,821,0,1,2,1,38
14795,469,0,2,2,1,19
12215,122,0,2,2,1,12
8179,839,0,1,1,1,2
12194,1008,0,2,1,1,11
12186,1093,0,1,4,3,12
11594,479,0,2,2,1,17
3346,277,0,2,2,1,4
18155,124,0,2,2,1,27
12908,444,0,1,3,1,4
4960,821,0,1,2,1,38
12046,627,0,1,3,2,45
2832,1061,2,2,1,1,8
6907,325,0,1,3,1,4
14713,155,0,2,2,1,3
12087,1100,2,1,2,1,14
10809,893,0,1,3,1,5
6754,696,0,1,1,1,2
14182,1104,0,2,1,1,1
13742,977,1,5,1,1,6
7178,485,0,2,2,1,35
2139,505,0,2,2,1,247
7278,519,0,2,2,1,14
10398,124,0,2,2,1,7
9681,943,0,1,1,1,12
12284,1031,1,1,1,1,14
15001,1042,2,2,1,1,14
14164,507,0,2,2,1,32
17405,707,0,2,1,1,1
9927,288,1,1,3,2,10
439,842,0,1,1,1,2
2731,845,0,2,1,1,15
9501,1024,0,1,1,1,13
14206,931,1,1,2,1,8
5196,1107,0,1,2,1,65
18448,9,0,1,2,1,172
2817,600,0,2,1,1,28
13615,1084,1,1,1,1,1
11194,1032,1,1,1,1,4
7848,390,1,2,2,1,14
15143,124,0,2,2,1,20
12912,491,0,2,2,1,17
2241,470,0,2,1,1,3
7740,821,1,1,2,1,17
7828,684,1,2,1,1,12
17080,839,0,1,1,1,2
6054,653,2,2,1,1,17
8112,122,0,2,2,1,24
14561,468,0,2,2,1,6
16244,793,0,2,1,1,12
794,646,0,1,1,1,21
4913,380,0,2,2,1,15
15706,691,0,1,3,3,14
17636,834,2,2,1,1,34
2866,931,2,1,2,1,52
2282,704,2,1,2,1,22
15141,919,1,1,1,1,6
225,839,0,1,1,1,12
14540,1026,1,1,3,3,2
14948,1067,1,1,1,1,2
14715,838,0,2,1,1,1
2852,760,0,2,2,2,2
6747,1019,0,2,1,1,2
12050,860,0,1,1,1,2
10005,802,0,1,3,3,2
841,949,1,1,1,1,3
3785,963,0,1,1,1,11
275,704,2,2,1,1,26
16392,239,0,2,2,1,8
8681,375,0,2,2,1,66
9687,469,0,2,2,1,94
13803,1117,0,2,1,1,4
343,375,0,2,2,1,14
13743,878,0,1,1,1,113
9845,613,2,1,2,1,26
4076,790,0,1,2,2,3
656,481,0,2,2,1,103
6147,897,1,1,4,1,17
12267,957,0,2,1,1,6
1262,902,1,1,2,2,3
7268,821,1,2,1,1,7
15161,1095,0,1,2,2,5
11400,827,1,1,1,1,2
4236,885,0,2,1,1,18
15730,1078,0,2,1,1,2
5112,704,2,1,2,1,24
9363,1034,0,1,1,1,6
7290,600,0,2,1,1,7
13660,638,0,1,2,1,31
2409,912,1,1,1,1,2
18440,603,1,1,1,1,50
13239,1030,0,2,1,1,1
12291,664,0,1,1,1,14
14858,756,1,1,2,1,8
7330,485,0,2,2,1,8
17362,851,0,1,2,2,7
1210,448,0,1,3,1,7
2878,373,0,2,2,1,149
4152,1107,0,2,1,1,4
2622,137,0,2,3,2,6
9462,914,2,1,1,1,8
15985,460,1,2,2,1,6
11376,477,0,2,2,1,24
6567,763,0,2,1,1,32
13097,445,0,2,2,1,19
16084,573,0,1,1,1,1
3456,924,2,1,4,4,34
4221,126,0,2,2,1,39
15977,866,2,1,1,1,31
958,313,0,2,2,1,6
5405,469,0,2,2,1,169
3913,123,0,2,2,1,6
16379,468,0,2,2,1,29
13728,821,0,1,2,1,42
13641,790,0,4,1,1,1
8262,519,0,2,2,1,12
615,445,1,2,2,1,8
6640,667,0,1,1,1,2
15214,919,0,4,1,1,5
377,735,0,1,1,1,9
9192,441,0,2,2,1,4
15390,242,0,2,2,1,13
2068,735,0,1,1,1,4
1482,22,0,1,1,1,1
14888,465,0,2,2,1,57
17378,532,0,4,3,2,4
14406,661,0,1,3,3,8
11336,135,0,2,2,1,58
3201,102,0,4,1,1,2
715,445,0,2,2,1,21
1582,476,0,2,2,1,208
18117,706,0,1,2,1,2
4566,794,0,1,3,3,7
1044,744,0,4,1,1,2
4227,382,1,4,1,1,1
3092,381,0,1,2,1,2
1762,1053,1,1,2,1,4
9289,742,0,2,2,2,13
2099,897,0,4,4,1,6
7603,477,0,2,1,1,10
13147,7,0,1,1,1,2
16953,242,0,2,2,1,179
15346,891,0,1,1,1,8
971,485,0,2,2,1,18
9580,856,1,1,2,2,3
5564,891,0,1,1,1,15
2082,1099,2,1,1,1,32
2197,916,0,1,1,1,2
6390,763,0,2,1,1,20
1211,83,1,1,1,1,2
12069,243,0,2,2,1,8
4933,704,0,2,1,1,49
9774,704,1,2,1,1,10
1126,1019,0,1,2,1,12
5419,116,0,4,1,1,1
9953,465,0,2,2,1,97
2723,67,1,2,1,1,7
9234,818,1,2,1,1,8
13564,135,0,2,2,1,18
12336,653,0,1,2,2,7
6067,627,0,2,3,2,13
5702,938,1,1,1,1,6
9312,326,0,4,1,1,1
11037,1008,2,2,1,1,12
16609,122,0,2,2,1,8
2458,1100,1,1,2,1,150
8762,1086,0,2,1,1,11
9494,253,1,1,2,1,3
11718,976,2,2,1,1,10
11730,976,1,2,1,1,2
16316,283,0,2,2,1,10
3000,921,1,2,1,1,9
17130,972,1,4,1,1,3
3341,1107,0,2,1,1,57
16464,520,0,2,2,1,23
6595,803,1,1,1,1,5
15941,124,0,2,2,1,24
8832,886,1,1,2,2,2
10404,821,0,1,2,1,11
961,925,0,1,1,1,188
11042,899,0,1,3,1,7
2117,963,0,1,1,1,5
10829,1045,0,1,2,1,5
16807,20,1,1,2,2,4
6440,1052,1,1,2,1,43
3345,249,0,2,2,1,3
3131,505,0,2,2,1,414
14108,1050,0,2,1,1,5
7970,1079,0,1,1,1,2
10516,1007,1,1,2,2,1
6074,1075,2,2,1,1,30
5949,624,0,1,1,1,2
17196,919,0,1,1,1,16
9525,298,1,2,2,1,4
12612,108,1,2,2,1,6
10892,853,0,2,1,1,2
9792,962,2,1,2,1,16
789,810,2,2,1,1,13
702,976,0,1,2,2,17
9626,1063,0,1,1,1,1
13971,126,0,2,2,1,34
15875,424,1,1,3,2,6
12506,619,0,1,1,1,416
11813,518,0,2,2,1,79
11084,262,0,1,1,1,2
2827,300,0,1,3,1,4
10693,240,0,2,2,1,2
3988,1038,1,1,1,1,2
4423,767,1,1,1,1,6
18482,1050,0,2,2,2,3
11298,984,0,2,1,1,1
8714,118,0,2,2,1,21
10755,722,1,1,1,1,3
4125,242,0,2,2,1,308
9722,1019,1,2,1,1,1
5954,1044,0,2,1,1,1
2784,895,2,1,3,1,157
6885,535,2,1,3,3,9
17139,893,0,1,3,1,19
12537,1042,0,2,1,1,48
7676,995,2,1,2,1,50
8026,509,0,2,2,1,34
3042,305,0,4,1,1,1
3831,374,0,2,2,1,132
1839,9,0,2,2,2,2
3946,976,2,2,1,1,12
1892,309,0,4,1,1,2
12675,1107,1,1,2,1,46
4856,820,1,1,1,1,6
10957,836,0,2,1,1,2
3919,814,0,1,1,1,11
15479,893,0,1,3,1,15
17701,803,1,1,1,1,1
18232,380,0,2,2,1,16
242,1031,0,1,1,1,10
17890,83,1,1,1,1,1
10426,563,0,2,1,1,6
14682,627,0,4,1,1,2
10844,1011,1,1,1,1,11
3199,1117,0,1,1,1,4
2734,1010,0,1,1,1,7
10658,1015,0,1,1,1,1
11696,744,2,1,4,4,41
10379,126,0,2,2,1,42
9906,560,1,1,1,1,24
18220,1008,0,1,2,1,50
4034,507,0,2,2,1,38
6652,385,1,2,2,1,9
4936,794,0,1,2,2,2
12533,373,0,2,2,1,39
636,102,1,2,2,1,2
9897,500,0,2,1,1,1
5061,251,0,1,2,1,7
580,89,1,2,2,1,12
16677,878,0,1,1,1,7
3396,895,1,1,4,1,16
3823,734,0,1,2,1,8
12097,812,0,1,1,1,772
12073,469,0,1,1,1,2
18355,169,0,2,2,1,10
11637,479,0,1,3,2,11
9907,1008,0,2,1,1,4
3339,723,0,2,1,1,1
11328,734,2,1,2,1,53
1768,943,1,1,1,1,3
8259,943,1,1,1,1,4
17633,684,2,2,1,1,56
17315,288,0,1,3,2,11
1072,1086,2,2,1,1,14
14996,763,2,1,2,1,42
13779,441,0,1,1,1,2
17142,475,0,2,2,1,18
57,1075,1,1,2,1,4
6083,893,0,1,3,1,189
10715,902,1,1,1,1,4
2535,805,0,1,1,1,11
16521,810,1,2,1,1,21
11330,1036,0,2,1,1,2
5214,745,2,1,2,2,14
13623,206,0,1,3,1,6
12745,821,1,1,3,2,41
8609,270,1,2,2,1,4
12657,653,0,1,3,2,22
11359,114,1,1,2,1,3
2648,834,1,2,1,1,24
15831,834,0,2,1,1,74
6686,56,0,5,1,1,1
2335,147,0,2,2,1,16
5976,962,0,2,1,1,2
5888,450,0,2,2,1,4
266,879,0,2,1,1,3
11791,638,2,1,2,1,65
7119,72,1,1,1,1,2
16814,738,1,2,2,2,2
8234,1019,1,2,1,1,6
11790,1019,0,1,2,1,17
4394,839,1,1,1,1,3
89,253,0,4,1,1,2
13989,507,0,2,2,1,14
10703,955,0,1,1,1,10
3133,646,0,1,1,1,2
16433,931,1,1,2,1,9
5458,534,0,4,1,1,8
7483,889,0,1,1,1,3
9992,756,0,1,3,2,15
2557,998,0,2,1,1,5
2284,795,0,2,1,1,309
2943,760,0,1,1,1,3
13499,810,1,2,2,1,47
5522,899,1,1,3,1,3
16408,471,0,2,2,1,2
2631,470,0,1,3,1,16
2787,1042,1,2,1,1,26
15408,506,0,2,2,1,256
1873,704,2,1,2,1,15
14716,793,0,1,1,1,8
1659,197,0,4,1,1,1
9329,1080,1,1,2,2,3
13170,748,0,1,1,1,4
2437,102,0,2,2,1,34
12256,497,0,2,2,1,14
1136,520,0,2,2,1,16
6266,171,1,1,3,1,6
5593,12,1,1,1,1,6
5473,240,0,1,3,1,22
9800,802,0,1,2,2,2
7956,3,0,1,1,1,3
2711,476,0,1,3,1,26
10598,651,0,1,2,1,6
15862,2,1,2,2,2,2
2649,114,0,4,1,1,2
1959,248,0,4,1,1,1
17714,734,0,2,1,1,5
10884,350,0,2,1,1,1
4245,159,0,4,1,1,2
15433,8,0,2,1,1,1
10975,512,0,2,2,1,2
14134,814,0,1,1,1,6
998,878,0,1,1,1,12
251,122,0,2,2,1,12
4794,485,0,2,2,1,47
12992,1120,0,1,1,1,22
14229,1094,0,1,2,1,3
4351,684,0,1,2,1,24
6474,100,1,2,2,1,2
11552,601,0,1,2,2,5
14775,480,0,1,1,1,2
6866,325,1,2,2,1,4
2174,808,0,1,2,1,10
6936,836,1,1,1,1,13
6765,600,0,2,1,1,21
9601,894,0,1,3,1,35
9531,371,1,2,1,1,6
4468,476,0,2,2,1,132
11001,1099,0,1,1,1,9
6038,242,0,2,2,1,227
17671,1041,0,1,1,1,1
9059,1008,0,2,1,1,6
10724,651,0,1,1,1,4
8400,474,0,2,2,1,3
2929,845,0,1,2,1,21
18323,1042,2,2,1,1,16
1595,890,0,1,1,1,5
4105,808,0,1,2,1,23
1952,546,0,1,1,1,2
11442,893,0,1,3,1,104
8381,972,0,2,2,2,2
7950,403,0,4,1,1,1
15693,1019,0,1,2,1,5
15387,684,0,2,1,1,32
3286,707,0,2,2,2,13
14031,373,0,2,2,1,95
14358,471,0,2,2,1,22
2666,473,0,2,2,1,3
11953,613,2,1,3,1,9
10592,735,0,1,3,2,7
11581,1018,0,1,2,1,11
6212,102,0,1,3,1,21
16048,1109,1,1,2,2,10
6751,247,0,2,2,1,2
4368,638,2,1,2,1,25
7122,149,0,2,2,1,7
13458,976,1,1,2,1,9
6618,126,0,2,2,1,23
839,825,1,1,1,1,5
16438,829,0,1,1,1,3
3023,803,1,1,1,1,28
17330,808,0,1,2,1,7
8470,167,0,2,3,2,3
18288,599,0,1,2,1,2
3255,95,0,2,2,1,8
7540,1052,0,2,1,1,73
8647,696,0,2,1,1,27
4745,272,1,1,1,1,2
552,745,1,1,1,1,1
1583,821,1,2,1,1,19
9010,846,1,2,1,1,17
17935,944,1,1,1,1,18
7213,710,0,1,1,1,25
3100,834,0,2,1,1,21
15631,584,0,1,1,1,29
6900,9,0,1,2,1,54
14356,742,0,1,2,1,8
5122,914,0,1,2,2,4
12158,498,0,2,2,1,76
2798,810,0,2,1,1,1
7629,494,0,2,2,1,362
2157,1050,1,1,4,3,8
8152,756,1,1,1,1,1
9788,616,0,1,2,2,10
11124,885,0,2,1,1,6
3535,763,2,2,1,1,13
15055,975,0,1,1,1,3
18271,763,0,2,1,1,6
5510,1025,1,1,1,1,2
9620,1046,2,1,2,2,20
16507,81,1,1,5,2,8
6790,535,1,4,1,1,15
626,505,0,2,2,1,718
4569,818,1,1,1,1,15
7040,891,0,1,1,1,3
6228,494,0,2,2,1,4
18119,9,0,2,1,1,2
15807,450,0,2,2,1,6
16771,479,0,2,2,1,29
15804,894,0,1,3,1,14
16774,363,1,2,2,1,4
4143,1095,0,1,2,2,5
4196,999,1,1,1,1,2
4386,1066,1,1,2,2,16
10989,147,0,2,2,1,20
1342,691,0,2,3,2,16
18210,704,0,1,2,1,6
16180,248,0,2,2,1,4
13725,469,0,2,2,1,44
10866,436,1,1,1,1,2
10199,211,0,1,3,1,4
3718,798,2,2,1,1,8
16261,175,0,4,1,1,2
14232,821,0,2,1,1,15
16210,727,0,2,1,1,1
2500,995,2,1,2,1,174
13993,491,0,2,2,1,11
7118,228,1,2,2,1,20
6065,890,0,1,1,1,3
11618,484,0,2,2,1,3
12510,126,0,2,2,1,26
4703,1,2,1,1,1,18
16366,1107,0,1,2,1,26
4159,498,0,2,2,1,169
188,493,0,2,2,1,6
1745,734,1,1,2,1,29
14004,684,2,1,2,1,105
6898,599,1,2,1,1,8
8323,1099,0,1,1,1,27
14167,118,0,2,2,1,67
5491,365,0,1,1,1,1
1806,793,0,1,1,1,11
11517,942,1,1,2,2,6
17386,764,0,1,1,1,2
15806,223,1,2,2,1,4
61,284,1,2,1,1,2
3719,744,0,1,2,2,8
14141,1087,1,1,2,1,4
16409,12,0,1,1,1,6
12177,251,1,2,2,1,2
15789,128,0,2,2,1,6
54,488,0,2,2,1,36
8839,163,0,2,2,1,5
5551,645,1,1,2,1,418
15160,36,1,1,1,1,2
12567,566,2,1,2,2,58
480,899,0,2,1,1,1
8341,332,0,1,3,1,4
2209,963,0,1,1,1,59
4416,644,0,4,2,1,6
16866,821,1,2,1,1,17
9277,1042,2,2,1,1,55
12122,794,0,1,4,4,4
1578,369,0,2,2,1,54
453,619,0,2,1,1,5
10435,995,0,2,1,1,27
12175,495,0,2,2,1,38
6280,244,0,2,2,1,69
8031,995,1,1,2,1,505
18520,875,0,1,1,1,3
18030,652,0,1,3,1,6
18001,1099,0,1,1,1,14
15649,622,0,1,1,1,2
16800,472,0,4,1,1,1
200,1008,2,2,1,1,18
1242,497,0,2,2,1,325
10784,600,2,2,1,1,29
2804,653,0,2,1,1,1
10228,124,0,2,2,1,4
693,1052,1,1,2,2,19
4643,599,0,1,2,1,4
4588,360,1,1,3,2,4
18037,981,0,1,1,1,2
3706,810,2,1,2,1,14
1269,963,0,1,1,1,106
12999,810,1,2,1,1,6
14605,1021,2,1,1,1,33
3025,808,0,1,2,1,16
5129,851,1,4,1,1,2
13730,600,0,2,1,1,24
16864,127,0,2,2,1,4
5226,314,1,1,1,1,1
11612,821,0,1,3,2,2
13492,653,1,1,2,1,151
1251,962,0,2,1,1,49
11410,1086,1,2,1,1,3
605,1052,0,2,1,1,5
11034,504,0,2,2,1,20
10932,679,1,1,1,1,34
10060,823,0,2,1,1,5
5504,995,2,1,3,2,115
16406,944,0,2,1,1,1
691,931,0,2,1,1,5
10769,497,0,2,2,1,372
14902,759,1,1,1,1,2
7326,830,0,1,1,1,349
4290,1024,0,1,1,1,2
3465,1008,0,2,1,1,64
11713,373,0,2,2,1,146
13062,704,1,2,1,1,51
13381,471,0,2,2,1,12
10686,1095,1,1,2,2,4
1752,287,0,2,1,1,2
10831,469,0,2,2,1,140
7602,208,1,2,2,1,2
5558,91,0,2,2,1,680
4205,632,0,2,1,1,1
4469,1067,0,2,1,1,5
11593,904,0,1,1,1,4
7180,1084,1,1,2,1,6
5046,584,1,1,1,1,5
3138,91,0,2,2,1,249
13052,613,0,1,2,1,54
11546,7,2,1,2,2,108
12597,609,1,2,3,2,13
638,371,1,2,2,1,12
17095,653,0,2,1,1,8
2103,1075,1,2,1,1,20
10979,995,1,1,2,1,29
16797,944,1,1,1,1,19
17874,1042,1,2,1,1,5
15517,1018,1,1,2,1,11
3707,1048,0,2,1,1,3
10514,793,0,1,1,1,120
14972,899,0,4,1,1,1
10617,236,0,1,2,1,3
13684,607,0,2,2,2,3
926,1064,0,1,1,1,4
4817,918,2,1,1,1,9
4690,768,0,1,1,1,2
2008,1007,0,1,2,1,12
81,147,0,4,1,1,3
11687,1026,0,1,1,1,9
10305,477,0,2,2,1,77
12514,363,0,2,2,1,9
293,133,1,2,2,1,2
10212,853,0,1,1,1,4
5927,124,0,2,2,1,34
15911,684,0,2,1,1,2
5424,305,1,2,2,1,2
8298,925,1,1,1,1,10
881,889,0,2,1,1,1
452,821,1,2,1,1,8
3956,268,1,1,2,1,6
10746,245,0,2,2,1,6
5738,471,0,2,2,1,6
15113,946,0,1,1,1,3
10268,893,0,1,3,1,62
1672,288,0,2,2,1,6
14655,803,1,1,1,1,17
4591,1019,0,2,1,1,7
15458,92,0,2,2,1,26
6195,600,2,2,1,1,15
234,714,1,1,1,1,1
14567,92,0,2,2,1,29
3212,1097,1,1,1,1,1
8513,869,0,1,1,1,1
12746,128,0,2,2,1,8
3716,834,0,2,1,1,12
4441,627,0,2,3,2,3
12966,342,1,2,2,1,18
1872,576,0,1,1,1,9
1854,467,0,4,1,1,1
3348,817,0,1,1,1,2
18353,1081,0,1,2,1,6
12055,1052,0,2,1,1,4
8079,1042,1,2,1,1,9
3820,235,0,2,1,1,2
15965,97,0,2,2,1,10
5355,810,2,1,2,1,2
4689,980,0,1,1,1,2
1644,584,1,1,2,2,9
16577,821,2,1,3,2,77
9352,95,1,2,2,1,10
11121,477,0,2,2,1,9
969,1079,0,1,1,1,2
8094,1050,0,4,3,2,9
12832,476,0,2,2,1,207
8651,616,0,2,1,1,2
11617,762,0,1,1,1,4
1207,809,0,2,1,1,11
4024,602,0,1,1,1,2
14801,413,1,2,2,1,2
1735,934,0,1,1,1,2
4144,651,1,1,1,1,3
8222,619,0,1,1,1,16
5490,522,0,2,2,1,6
17537,208,0,4,1,1,2
4813,821,0,1,2,1,49
1193,1067,1,1,1,1,2
5152,244,0,2,2,1,52
16629,181,0,4,1,1,2
4842,499,0,2,2,1,427
5683,644,1,1,3,1,39
13447,1100,2,1,2,1,128
13179,810,0,1,2,1,18
1577,272,1,1,2,1,3
7542,808,0,2,1,1,9
4340,460,0,2,2,1,9
1692,817,0,1,2,1,12
10801,398,0,4,1,1,4
8755,448,1,2,2,1,10
5232,821,2,2,1,1,21
496,481,0,2,2,1,96
13177,13,0,1,2,2,38
16598,122,0,2,2,1,16
13912,23,1,1,1,1,1
11152,474,0,4,1,1,1
11616,13,0,4,2,1,6
10576,175,0,2,3,2,5
3748,962,0,1,2,1,12
13658,498,0,2,2,1,10
15082,488,0,2,2,1,38
3451,103,0,2,1,1,2
17677,384,0,2,2,1,5
13700,691,1,2,3,2,36
13294,588,0,1,1,1,2
8748,280,0,2,2,1,4
400,1017,1,1,1,1,5
3403,599,2,1,2,1,34
7311,1062,0,1,1,1,2
9966,906,0,2,1,1,4
1172,344,0,2,2,1,7
17703,943,1,1,2,1,14
272,497,0,2,2,1,97
7618,1054,0,2,1,1,1
15031,939,0,1,2,1,8
3275,139,1,2,2,1,12
7534,149,0,2,2,1,94
778,812,0,1,1,1,857
9492,643,1,1,2,1,5
14949,1091,0,1,1,1,1
12178,684,1,2,1,1,43
2300,445,0,4,1,1,1
6571,124,0,2,2,1,14
17389,17,1,1,1,1,2
16256,12,1,4,1,1,1
11168,498,0,4,1,1,2
13741,702,1,1,1,1,9
4058,767,1,1,2,2,20
9495,181,0,1,2,1,3
1695,899,0,1,2,1,26
13069,448,0,2,2,1,4
9437,350,1,2,2,1,4
17027,684,2,1,2,1,16
13516,494,0,2,2,1,73
7232,499,0,2,2,1,39
18325,962,2,1,2,1,135
9476,1024,0,1,1,1,14
12801,899,0,1,3,1,8
12752,499,0,2,2,1,237
10838,884,2,1,1,1,5
16291,821,0,1,3,2,18
17450,880,0,1,1,1,2
2259,244,0,2,2,1,72
9542,851,1,1,1,1,2
18419,600,2,2,1,1,90
7337,889,0,1,1,1,4
748,1017,0,1,1,1,21
8104,846,2,2,1,1,63
1299,737,0,2,1,1,1
8676,118,0,2,2,1,3
9898,102,0,2,2,1,20
2017,1038,1,1,1,1,4
12304,995,2,2,1,1,8
604,141,1,2,2,1,9
2966,653,0,1,2,1,22
3161,809,0,2,1,1,3
17525,1018,1,1,2,1,17
9500,465,0,2,2,1,34
15300,93,0,1,3,1,3
575,756,1,1,1,1,10
1707,505,0,2,2,1,118
5714,102,0,2,2,1,72
5116,499,0,2,2,1,202
4711,931,0,1,2,1,25
2125,603,1,1,1,1,8
9602,420,1,2,2,1,2
14024,314,0,2,2,1,10
5633,738,1,2,1,1,6
8296,834,0,2,1,1,6
14538,118,0,2,2,1,53
16204,1107,2,1,2,1,108
7669,709,0,2,1,1,5
10787,284,0,2,1,1,3
10238,467,0,2,2,1,6
18412,977,0,1,4,2,10
3717,810,2,1,2,1,49
10132,810,1,1,2,1,32
6521,603,0,1,1,1,1
10472,484,0,2,2,1,6
5666,228,0,2,2,1,6
15565,116,0,2,2,1,17
3210,899,0,1,2,1,4
16024,1014,1,1,2,2,26
10120,1082,1,1,1,1,3
18428,126,0,2,2,1,10
10923,406,1,2,2,1,6
17166,578,0,1,1,1,2
17004,601,0,2,2,2,11
13763,763,0,1,2,1,70
8227,734,1,1,2,1,26
5772,447,0,2,2,1,7
12575,471,0,2,2,1,127
498,734,2,1,1,1,2
4123,627,1,2,3,2,11
6971,977,0,5,1,1,11
6014,821,1,2,1,1,8
10544,242,0,2,3,2,12
4108,613,2,1,3,1,40
1537,266,0,2,2,1,4
17175,124,0,2,2,1,34
15638,461,0,2,2,1,27
12233,1024,0,1,1,1,54
13606,1019,0,2,1,1,32
6058,702,0,1,1,1,2
119,1052,1,2,1,1,6
18550,12,0,1,1,1,6
18095,470,0,2,2,1,6
3543,380,0,2,2,1,25
5449,106,0,4,1,1,1
7216,853,2,1,1,1,2
5246,347,0,4,1,1,1
4271,821,1,1,3,2,46
18377,240,1,2,2,1,6
2773,825,1,1,2,1,4
18287,360,0,1,1,1,1
9270,416,1,1,3,1,15
8307,173,1,2,2,1,3
8535,763,2,1,2,1,44
13632,1037,0,1,1,1,1
14940,1107,1,1,2,1,8
5037,976,1,2,1,1,11
9376,484,0,1,3,1,25
4986,16,0,2,1,1,1
4117,826,1,1,2,2,5
7241,288,0,4,1,1,4
11748,496,0,2,2,1,57
1020,480,0,2,2,1,5
17108,818,1,1,2,2,3
5218,496,0,2,2,1,7
11110,124,0,2,2,1,19
10527,878,0,1,1,1,18
678,363,0,2,2,1,8
17017,1019,2,2,1,1,20
2518,798,1,1,2,1,19
10911,211,0,4,1,1,2
8389,838,0,2,1,1,2
8811,803,0,4,1,1,1
5872,159,0,2,2,1,13
14672,691,0,1,3,3,7
15028,826,1,1,2,2,6
6894,78,1,1,1,1,3
17103,1052,0,1,2,2,4
11005,1008,0,1,2,1,36
7733,823,1,2,1,1,2
12690,1023,1,5,1,1,2
3406,484,0,2,2,1,14
1159,234,0,2,2,1,3
1047,373,0,2,2,1,71
10065,803,1,1,1,1,7
4333,899,0,1,2,1,32
4630,1008,0,2,3,1,17
11671,798,0,2,1,1,43
7446,795,0,2,1,1,234
12709,1106,0,1,1,1,13
10816,1007,0,1,2,1,7
14526,350,0,1,2,1,4
9631,600,2,2,1,1,19
3839,649,1,1,1,1,44
4740,1014,1,1,1,1,6
14746,509,0,2,2,1,118
16704,490,0,2,2,1,76
3349,125,0,2,2,1,10
8065,157,0,2,2,1,3
15869,1052,0,1,2,1,24
2918,362,0,1,3,2,3
16703,902,0,2,2,2,3
8419,1065,0,2,1,1,3
8473,816,1,1,1,1,1
18305,182,0,2,2,1,2
179,506,0,2,2,1,193
3667,1019,2,2,1,1,96
7391,466,0,2,2,1,81
14578,1046,1,1,1,1,1
17669,500,0,2,2,1,5
13094,1056,1,1,1,1,1
12707,9,0,1,3,2,7
14869,330,0,2,2,1,5
15615,1107,0,1,2,1,37
17919,264,1,1,1,1,2
6532,465,0,2,2,1,48
5860,395,1,2,2,1,4
2342,9,0,1,2,2,4
2396,9,0,2,1,1,4
17091,798,2,2,1,1,22
1882,846,1,1,2,1,20
8000,816,1,1,4,3,6
10181,172,1,1,4,2,18
2000,505,0,2,2,1,89
152,328,0,1,3,1,4
15851,627,0,2,3,2,18
18524,834,1,1,3,1,20
16037,704,1,1,2,1,31
14846,893,0,1,3,1,30
5157,644,0,1,3,1,48
16497,909,2,1,3,3,14
13045,691,0,2,3,2,93
450,242,0,2,2,1,249
13037,290,0,2,2,1,6
14082,962,2,2,1,1,82
17948,1042,2,2,1,1,12
15822,252,0,1,1,1,2
2381,962,1,2,1,1,20
10252,793,0,1,1,1,8
9996,821,2,1,2,1,32
13230,817,0,2,1,1,1
14843,188,0,1,2,1,3
12493,137,0,1,3,1,7
14758,1115,0,2,1,1,1
12308,1018,0,1,2,1,5
2993,195,1,2,2,1,3
17169,505,0,2,2,1,178
8638,961,0,1,1,1,3
4572,707,0,1,2,1,7
13860,1067,1,1,2,1,6
8514,1075,2,2,1,1,49
2269,814,0,1,1,1,12
17068,1052,0,2,2,2,4
14053,653,0,1,2,1,41
5603,846,0,2,1,1,6
5497,821,2,1,2,1,153
13553,9,0,1,3,2,8
10421,91,0,2,2,1,401
16174,925,0,1,1,1,2
1132,814,0,1,1,1,93
7006,653,0,2,1,1,17
3432,909,1,1,2,2,2
1171,696,1,1,1,1,19
14635,460,0,2,2,1,3
8554,659,1,1,1,1,1
16039,400,0,2,2,1,6
3192,931,0,1,2,1,21
10739,1061,1,2,1,1,14
11219,380,0,1,2,1,19
17873,135,1,2,2,1,4
17993,794,0,1,3,3,6
13596,73,1,1,4,4,13
10873,969,0,1,1,1,2
9144,262,1,2,2,1,2
17917,763,1,2,1,1,34
15248,7,1,1,1,1,12
3826,1107,0,1,2,1,15
17835,378,1,2,2,1,3
6321,1026,1,1,2,2,8
12139,155,0,2,2,1,30
6984,663,0,1,1,1,2
1226,891,0,1,1,1,11
11127,921,1,2,1,1,12
3174,157,0,2,2,1,24
13040,742,0,2,2,2,3
1805,118,0,2,2,1,33
2903,1086,2,2,1,1,28
10750,600,2,2,1,1,53
11732,218,1,2,2,1,4
11635,255,0,2,2,1,5
3769,1115,0,1,1,1,119
334,627,0,2,3,2,6
9079,814,0,1,1,1,10
16427,480,0,2,2,1,107
4816,906,1,1,2,2,8
4211,19,1,1,1,1,1
2292,773,0,1,2,1,9
4962,122,0,2,2,1,24
17606,925,0,1,1,1,149
6744,1042,1,2,1,1,7
6657,122,0,2,2,1,9
2724,1092,0,1,1,1,1
7385,1017,2,1,1,1,5
15355,27,1,5,1,1,2
15705,242,0,2,2,1,224
17573,1042,2,1,2,1,31
338,847,1,4,1,1,2
16821,242,0,2,2,1,6
13259,244,0,2,2,1,46
120,462,0,1,2,1,6
8074,471,0,2,2,1,7
13171,818,1,1,1,1,2
17229,871,0,1,1,1,4
15252,810,0,1,2,1,5
10229,839,0,4,1,1,28
11582,424,1,2,2,1,4
14922,230,0,1,2,2,2
17599,794,1,1,3,3,4
12524,721,0,1,1,1,1
13984,684,1,2,1,1,11
11499,894,0,1,3,1,20
14731,744,1,1,2,2,21
3104,704,0,1,2,1,39
4634,157,0,2,2,1,26
3257,523,0,2,2,1,2
11411,936,1,1,2,2,2
7861,1048,0,1,1,1,454
4308,914,0,1,1,1,1
1457,127,0,2,2,1,50
11435,723,1,1,1,1,5
7685,494,0,2,2,1,423
13986,891,0,1,1,1,36
9089,122,0,2,2,1,26
17426,488,0,2,2,1,6
5495,478,0,2,2,1,31
2354,686,0,1,1,1,2
9581,155,0,2,2,1,10
12393,691,1,2,3,2,10
1495,734,0,1,2,1,15
1530,1052,0,2,1,1,3
7794,918,1,1,1,1,15
17672,798,0,2,1,1,23
17077,627,1,2,3,2,36
3248,130,0,1,2,1,2
5887,672,0,1,1,1,4
5255,599,0,2,1,1,2
4876,891,0,2,1,1,4
2925,755,1,1,1,1,2
6800,769,2,1,1,1,24
2375,1069,1,1,1,1,40
12402,579,0,2,1,1,1
13544,476,0,2,2,1,91
364,148,0,2,2,1,2
11845,845,2,1,3,2,13
8351,707,0,2,2,2,6
284,797,0,1,1,1,7
2956,657,0,1,2,2,38
6289,976,0,2,1,1,15
8918,32,0,1,2,1,2
12473,1019,2,2,1,1,45
4314,549,0,1,1,1,2
4598,1100,2,1,2,1,51
12944,1010,0,2,1,1,5
10272,1075,0,2,1,1,12
6689,102,0,2,2,1,64
6116,353,1,1,3,2,10
17973,794,0,1,2,2,7
17041,1,1,1,3,2,12
11119,1008,1,2,1,1,16
10897,895,2,1,3,1,22
11661,707,0,2,2,2,4
13443,1049,0,2,1,1,1
5895,95,0,2,2,1,65
9488,823,0,1,2,1,9
13,418,0,2,2,1,2
14355,836,0,1,1,1,20
2607,638,0,1,2,1,16
5509,837,0,1,1,1,5
5985,300,0,2,2,1,94
5818,839,1,1,1,1,14
11919,783,0,1,1,1,1
11051,984,1,1,3,3,5
8034,573,1,1,1,1,2
14319,410,0,2,2,1,4
14284,147,0,4,1,1,3
18050,1008,1,2,1,1,13
9358,124,0,2,1,1,2
9078,1042,2,2,1,1,12
8409,497,0,2,2,1,4
4139,469,0,2,2,1,105
7980,845,1,2,1,1,13
13713,350,1,2,2,1,2
7606,1090,1,1,1,1,6
9726,459,0,2,2,1,8
9824,615,0,1,2,2,4
9645,314,0,2,2,1,6
10464,793,0,1,1,1,63
7660,938,0,2,2,2,6
1996,808,0,1,1,1,1
11557,742,1,4,1,1,2
6169,655,0,1,2,1,6
13495,881,1,1,2,2,4
4863,613,0,1,2,1,8
6350,255,1,1,2,1,3
7263,286,0,4,1,1,2
10593,102,0,2,2,1,21
16214,474,0,2,2,1,7
1671,738,0,2,1,1,2
6106,497,0,2,2,1,269
14737,798,2,2,1,1,64
13254,919,1,1,1,1,8
12743,734,0,1,2,1,34
9866,496,0,2,2,1,433
8816,962,0,2,1,1,1
12568,110,0,4,1,1,2
3340,344,0,4,1,1,2
14095,382,0,2,2,1,4
10882,704,1,2,1,1,48
15185,470,0,2,2,1,8
13594,128,0,2,2,1,4
8654,684,1,2,1,1,9
12478,102,1,2,2,1,9
6317,600,1,2,1,1,6
16170,465,0,2,2,1,16
1401,989,1,1,1,1,4
5614,737,1,2,1,1,2
4052,885,2,2,1,1,8
18380,484,0,4,1,1,1
18191,834,2,2,1,1,56
17776,557,0,1,1,1,12
17625,976,0,2,1,1,12
14989,469,0,2,2,1,130
9808,1100,2,1,2,1,78
11698,744,0,1,2,2,31
8390,998,1,1,1,1,4
17836,255,1,2,2,1,4
1625,788,0,4,1,1,1
10841,1053,1,1,2,1,17
1258,757,1,1,1,1,2
15242,181,0,2,2,1,16
18254,468,0,2,2,1,4
11477,496,0,2,2,1,454
2141,957,1,1,1,1,12
17110,856,1,1,2,2,4
18115,641,2,1,2,1,60
306,895,1,1,3,1,74
7882,823,0,1,1,1,2
2057,126,0,2,2,1,55
3299,381,0,1,3,1,20
13128,268,0,4,1,1,1
15439,810,2,1,2,1,12
1310,836,0,1,1,1,12
929,476,0,2,2,1,11
4750,1107,2,1,2,1,225
15558,618,0,4,1,1,1
12107,690,0,1,1,1,12
15547,794,0,1,2,2,1
430,1100,1,1,2,1,57
12605,149,0,2,2,1,15
943,252,0,4,1,1,1
17288,116,0,2,2,1,8
13955,1008,0,1,2,1,89
9327,498,0,2,2,1,26
16352,798,2,2,1,1,12
5997,760,0,4,1,1,16
11401,388,1,1,3,1,14
9616,257,0,2,2,1,14
2997,995,2,1,2,1,2
3386,989,1,1,1,1,8
16124,122,0,2,2,1,79
15034,181,0,1,3,1,6
9214,128,1,2,2,1,12
16314,1052,1,1,2,1,20
14321,500,0,2,2,1,11
13901,830,0,1,1,1,268
1214,270,1,2,2,1,3
12095,471,0,2,2,1,22
6463,149,1,2,2,1,5
7157,476,0,2,2,1,61
17283,995,1,1,2,1,17
2015,944,0,4,1,1,3
2807,451,0,1,3,1,4
8618,450,0,2,2,1,9
5444,1086,0,2,1,1,6
15211,735,0,2,1,1,2
4657,600,1,2,1,1,24
788,481,1,1,2,1,3
13112,976,0,1,2,1,47
2940,666,0,1,1,1,16
9936,260,1,1,2,1,6
8663,957,0,2,1,1,1
9163,710,0,1,1,1,5
18409,810,2,1,2,1,18
2571,892,0,1,4,1,175
4274,962,2,2,1,1,52
17470,1008,1,2,1,1,7
12372,493,0,2,2,1,30
2144,204,0,2,2,1,6
9664,1,1,2,1,1,2
18537,149,0,4,1,1,4
6414,1050,0,1,1,1,2
17153,488,0,2,2,1,19
12722,95,0,4,1,1,2
14705,812,0,1,1,1,3
16748,471,0,1,2,1,5
12407,899,1,1,4,1,15
8489,583,0,1,1,1,4
5312,242,0,2,2,1,280
6583,504,0,2,2,1,5
2963,962,2,2,1,1,49
3160,318,1,2,2,1,4
13220,89,1,2,2,1,22
6020,1052,1,1,2,2,9
2431,961,0,1,2,1,5
15988,1107,0,1,2,1,31
7564,303,1,2,2,1,2
13028,478,0,2,2,1,168
9882,506,0,2,2,1,339
12494,469,0,2,2,1,89
18443,1107,1,1,2,1,27
9226,322,1,2,2,1,6
8137,459,0,2,2,1,3
16504,496,0,2,2,1,71
11620,1061,0,2,1,1,14
6051,1107,1,1,2,1,86
4090,309,0,1,2,1,6
13205,845,2,1,2,1,57
12317,244,0,2,2,1,28
2305,79,1,1,5,3,7
9912,124,0,2,2,1,28
15791,1099,0,1,1,1,39
9146,896,0,1,4,1,29
6962,437,1,1,4,2,19
515,518,0,2,2,1,4
4624,601,1,1,1,1,6
13307,1094,1,1,3,2,10
13533,891,0,1,1,1,51
11483,1112,0,1,1,1,1
17656,500,0,2,2,1,12
16188,282,0,2,2,1,5
4800,957,0,2,1,1,2
7850,1121,1,1,1,1,1
8696,760,0,2,2,2,1
651,445,0,2,2,1,9
14352,380,0,2,2,1,22
3755,1037,0,1,1,1,16
3690,330,1,1,2,1,3
12625,826,0,1,1,1,2
7834,938,0,2,1,1,4
8841,826,1,4,1,1,4
7851,1008,2,2,1,1,80
4004,292,1,2,2,1,7
5669,390,1,2,3,2,12
12198,1052,0,1,2,1,146
17078,12,0,1,2,1,805
15010,600,0,2,1,1,9
4849,476,0,2,2,1,84
6783,474,0,2,2,1,9
6237,477,0,2,2,1,36
18195,809,0,1,2,1,4
11250,323,0,2,2,1,8
9022,1111,0,1,1,1,1
2879,313,0,1,3,1,31
10016,756,0,1,2,2,5
18139,1072,2,1,1,1,14
4345,179,0,2,2,1,68
6577,760,1,1,1,1,10
4169,704,1,2,1,1,14
2066,495,0,2,2,1,42
15064,473,0,2,2,1,7
3517,519,0,2,2,1,14
2460,445,0,2,2,1,12
9539,520,0,2,2,1,24
15996,16,1,1,1,1,8
2123,989,1,1,2,1,6
15017,1042,2,2,1,1,17
9183,286,1,2,2,1,2
8838,1051,1,1,1,1,4
558,1092,1,1,1,1,4
8597,405,1,1,3,1,10
9929,504,0,2,2,1,22
5296,484,0,2,2,1,49
9425,763,2,2,1,1,7
4717,778,1,2,1,1,7
6344,1055,0,2,1,1,3
5114,1061,0,2,1,1,6
16605,702,0,2,1,1,1
14975,646,1,1,1,1,1
7556,470,0,1,2,1,5
16789,932,0,1,2,1,3
9537,921,0,2,1,1,2
14260,445,0,2,2,1,3
9524,646,0,1,1,1,4
17429,155,0,2,2,1,22
10723,286,1,1,2,2,2
1876,891,0,2,1,1,6
16734,298,0,2,2,1,37
680,373,0,2,2,1,116
10818,763,0,2,1,1,3
15215,442,1,2,2,1,22
9122,373,0,2,2,1,55
10177,600,2,2,1,1,17
5546,270,0,4,1,1,6
11237,1052,1,2,1,1,9
3379,1107,2,1,2,1,71
13031,435,1,2,2,1,10
15741,149,0,2,2,1,10
12922,496,0,2,2,1,58
12647,426,0,4,1,1,2
3469,292,0,2,2,1,10
2287,697,0,2,1,1,1
7441,292,0,2,2,1,6
10020,604,0,4,1,1,3
6380,126,0,2,2,1,36
5794,126,1,2,2,1,12
16910,124,0,2,2,1,23
10533,163,0,2,1,1,1
3122,653,0,1,2,1,10
14158,902,0,1,3,2,16
8950,1033,1,1,1,1,9
6884,477,0,2,2,1,3
2884,877,0,1,2,1,16
4811,497,0,2,2,1,4
2525,469,0,1,2,1,2
10574,600,1,2,1,1,33
14872,978,1,2,1,1,2
13590,1052,1,1,2,2,19
10760,95,0,2,2,1,10
6999,491,0,2,2,1,40
12504,802,1,1,2,2,2
17454,793,0,1,1,1,17
11284,707,0,2,1,1,5
4548,814,0,2,1,1,6
9345,931,0,1,2,1,21
4259,124,0,2,2,1,14
10630,147,0,2,2,1,4
11497,1075,1,2,1,1,12
2626,1112,0,1,1,1,1
1503,477,0,2,2,1,47
1257,1045,0,1,1,1,1
1759,769,0,1,1,1,3
2281,1097,1,2,1,1,2
13682,124,0,2,2,1,19
9794,760,1,1,2,2,16
3720,244,0,2,2,1,10
9573,1086,0,2,1,1,19
7221,489,0,2,2,1,24
9756,498,0,2,2,1,5
16300,527,0,2,2,1,9
3153,798,2,2,1,1,27
13611,763,2,2,1,1,13
3889,373,0,2,2,1,82
7018,159,0,2,2,1,5
6882,122,0,2,2,1,16
10364,1050,0,2,1,1,2
2786,957,0,4,1,1,5
11754,1100,2,1,2,1,23
449,707,0,1,2,1,9
2642,957,0,1,2,2,3
1054,1084,1,1,1,1,2
12446,618,1,1,2,2,6
17910,941,0,1,1,1,1
10448,704,2,1,2,1,41
18404,466,0,2,2,1,6
11496,74,1,1,2,2,4
397,737,1,1,1,1,4
8810,242,1,2,2,1,2
9973,485,0,4,1,1,1
2730,498,0,2,2,1,50
14067,933,0,1,1,1,1
18217,566,0,2,1,1,4
9045,810,2,1,2,2,19
11962,405,0,4,1,1,3
3544,798,1,2,1,1,35
11624,906,0,1,1,1,4
5171,521,0,2,2,1,14
14769,292,1,2,2,1,4
4096,544,0,1,2,1,2
15551,812,0,4,1,1,12
980,135,0,2,2,1,19
11947,159,0,1,3,1,13
7201,1090,2,2,1,1,8
1856,783,0,1,1,1,4
7206,124,0,2,2,1,34
5472,821,0,1,2,2,14
4372,857,1,1,1,1,24
4906,998,1,1,1,1,4
5958,122,0,2,2,1,18
6491,734,2,1,3,2,60
17493,909,0,1,2,2,6
11024,131,0,4,1,1,2
8213,726,1,1,2,1,4
6843,497,0,2,2,1,961
11712,104,1,2,2,1,2
4297,270,0,2,2,1,3
13841,103,0,2,2,1,17
10396,506,0,2,2,1,140
8984,976,2,2,1,1,68
5569,834,2,2,1,1,31
17234,259,0,2,1,1,2
946,114,0,1,2,1,2
13053,460,0,2,2,1,8
10357,501,0,2,2,1,5
3595,528,0,2,2,1,2
12968,124,0,2,2,1,30
11125,478,0,2,2,1,2
14568,684,2,1,3,2,58
5423,810,2,2,1,1,54
8023,731,0,1,1,1,9
12584,471,0,2,2,1,6
7619,851,0,2,1,1,6
17180,466,0,2,2,1,31
4424,500,0,1,2,2,2
9273,244,0,2,2,1,26
10662,91,0,2,2,1,485
11797,794,0,1,2,2,4
3692,1019,2,2,1,1,14
1565,39,1,1,1,1,2
6326,984,0,1,1,1,2
17356,136,0,2,2,1,20
16969,255,0,4,1,1,5
7480,684,0,2,1,1,27
12434,579,0,1,1,1,5
6201,906,0,2,2,2,2
15265,1097,1,1,1,1,5
7493,691,1,2,3,2,7
2406,810,2,1,3,1,58
3468,135,1,2,2,1,6
2370,124,0,2,2,1,14
9862,234,1,2,2,1,87
15893,309,0,1,2,1,3
6192,30,1,1,1,1,2
10903,479,0,2,1,1,1
9511,687,0,1,1,1,1
7743,163,0,1,1,1,1
17524,210,0,2,2,1,3
1842,744,1,2,1,1,2
10758,737,1,2,1,1,5
17133,803,0,1,1,1,7
9073,213,0,4,1,1,1
7736,756,1,1,1,1,2
7422,445,0,2,2,1,8
14015,274,1,2,3,2,4
11278,133,0,2,2,1,7
7511,122,0,2,2,1,26
4348,1107,0,1,2,1,99
15576,118,0,2,2,1,41
9031,1049,0,1,1,1,305
9498,280,1,1,3,2,9
9885,1031,1,1,2,2,4
12765,756,0,1,2,2,3
5650,808,0,1,2,1,20
988,945,0,1,1,1,25
17028,9,0,1,2,2,3
14867,1111,1,1,1,1,1
15499,995,1,1,2,1,28
6854,890,0,1,1,1,4
14760,808,0,1,2,1,34
1194,726,1,1,1,1,4
223,1107,0,1,2,1,8
17818,496,0,2,2,1,20
4880,471,0,2,2,1,243
16738,579,0,1,2,2,4
15315,481,0,2,2,1,104
8495,1086,0,2,1,1,18
8442,406,1,2,2,1,8
7352,478,0,2,2,1,8
5209,141,0,2,2,1,7
8997,857,1,1,1,1,2
9150,687,0,1,2,2,7
6589,763,2,1,2,1,70
3741,991,2,1,1,1,45
4464,999,0,1,1,1,3
6946,745,0,2,1,1,1
15100,802,1,1,3,2,4
8369,672,1,1,1,1,16
10756,653,0,2,1,1,33
4276,1094,0,1,2,2,2
4309,1008,0,2,1,1,1
9008,1042,0,2,1,1,25
9647,1030,0,4,1,1,12
14958,473,0,4,1,1,1
14390,876,1,1,1,1,2
13382,1020,2,1,3,2,16
3004,768,0,2,1,1,6
16040,779,1,2,1,1,10
14970,395,2,1,3,2,40
4673,794,0,1,2,2,5
15589,495,0,2,2,1,65
5265,663,0,1,1,1,3
10202,700,1,1,1,1,1
15456,684,2,1,2,1,160
16376,684,0,1,2,1,13
18150,810,0,1,1,1,1
3904,845,1,2,1,1,7
4825,300,0,2,2,1,6
2405,1063,0,1,1,1,8
5573,823,1,2,1,1,3
11877,466,0,2,2,1,10
10860,475,0,2,2,1,17
13732,1066,0,2,1,1,5
3647,155,0,2,2,1,17
869,282,0,4,1,1,1
4288,1070,0,1,1,1,2
15401,133,0,2,2,1,6
766,181,0,2,2,1,11
3548,131,1,2,1,1,2
13414,763,0,1,2,2,10
7585,1008,1,2,1,1,7
5448,529,0,4,1,1,1
6018,830,0,1,1,1,3
13331,896,0,1,3,1,5
18451,1107,0,1,2,1,46
13371,763,2,2,1,1,24
18029,798,1,2,1,1,9
2274,1034,0,1,1,1,9
13399,814,0,1,1,1,20
8862,527,0,2,2,1,12
12005,850,1,1,1,1,6
11527,763,2,1,1,1,10
3674,1050,2,1,3,3,40
11197,480,0,2,2,1,6
2824,793,0,1,1,1,17
7369,778,1,2,1,1,4
4865,116,0,2,2,1,3
12596,218,0,4,1,1,1
5828,732,0,1,1,1,8
11472,821,0,1,2,1,36
3480,133,0,2,2,1,11
199,126,0,2,1,1,1
9737,130,1,2,2,1,4
18484,535,1,5,1,1,1
17627,1018,0,1,2,1,7
1421,653,2,1,2,1,39
9302,485,0,2,2,1,17
9925,8,0,2,1,1,1
11766,1008,0,1,2,1,58
5742,704,0,2,1,1,33
1337,128,0,2,2,1,2
9475,314,0,1,3,1,9
15199,885,0,1,2,2,4
13178,7,0,1,1,1,43
10518,1034,0,1,1,1,7
6688,1086,1,2,1,1,12
18399,1014,2,1,2,2,25
8253,157,0,2,2,1,26
3782,619,1,1,1,1,28
11746,984,1,1,3,3,10
17498,810,1,2,1,1,14
16581,467,0,2,2,1,6
3228,806,0,4,1,1,3
2736,371,0,2,2,1,39
7210,699,0,1,2,2,2
15712,485,0,2,2,1,46
1379,1095,0,1,6,5,134
3234,1031,1,1,1,1,3
5359,995,2,1,2,1,3
9217,814,0,1,1,1,8
184,995,1,1,2,1,530
11419,734,0,2,1,1,28
5866,1052,1,2,1,1,18
8830,471,0,2,2,1,57
5871,1086,1,1,2,1,10
16673,976,0,2,1,1,34
16557,793,0,2,1,1,3
11096,17,0,4,1,1,4
11348,702,1,2,1,1,6
13468,497,0,2,2,1,371
12897,246,0,2,2,1,3
14516,899,1,1,3,1,5
8072,798,1,2,1,1,31
4013,36,0,1,2,1,6
11823,244,0,2,2,1,33
1771,864,2,1,1,1,8
4781,221,0,4,1,1,1
4785,266,1,2,3,2,6
11245,673,0,1,1,1,2
5266,122,0,2,2,1,14
13977,508,0,2,2,1,83
10996,778,2,1,2,1,25
1814,894,0,1,3,1,26
9250,1046,1,1,2,2,3
14023,448,0,2,2,1,8
4966,488,0,2,2,1,35
9932,425,0,4,1,1,1
5207,627,1,2,3,2,36
14985,851,1,1,2,2,5
8049,465,0,2,2,1,3
238,810,0,2,1,1,79
2823,299,0,2,2,1,2
12289,122,0,2,2,1,34
16890,128,0,2,2,1,10
15445,1048,0,1,1,1,976
11907,515,0,2,3,2,138
1740,476,0,2,2,1,94
3727,734,2,1,2,1,71
6341,938,1,2,1,1,2
10445,1007,0,1,2,1,2
4180,324,0,2,2,1,6
5014,353,0,2,2,1,8
4116,244,0,2,2,1,9
9453,149,0,2,2,1,76
17937,878,0,1,1,1,278
16616,122,0,2,2,1,12
12564,996,1,1,1,1,1
16426,1052,2,2,1,1,16
11534,921,1,1,2,1,10
13427,440,0,1,2,2,4
8593,242,0,2,2,1,191
7804,1078,0,1,1,1,24
12029,742,0,1,2,1,2
11340,497,0,4,1,1,7
14863,243,0,2,2,1,304
14441,744,1,1,2,2,7
12714,964,1,1,1,1,20
8968,228,0,2,2,1,10
4941,1014,1,2,2,2,2
1572,208,0,2,2,1,13
3974,103,0,2,2,1,17
11772,810,2,1,2,2,33
14391,690,0,1,1,1,6
1988,825,1,2,1,1,3
14618,896,0,1,3,1,17
12241,425,1,2,1,1,1
9402,609,1,2,3,2,16
6185,1099,0,1,1,1,7
6127,483,0,1,2,1,3
16178,584,0,1,1,1,11
18161,696,0,2,1,1,22
7424,521,0,2,2,1,17
11105,600,0,2,1,1,1
5641,684,2,1,2,1,67
10411,744,1,1,2,2,5
413,944,1,1,2,1,20
3215,821,0,2,1,1,4
17267,532,0,1,4,2,32
6099,446,0,2,2,1,4
1534,399,0,2,2,1,6
13631,734,0,1,2,1,20
10361,300,0,1,2,1,3
13959,604,0,1,1,1,2
408,232,0,1,1,1,2
17375,520,0,2,2,1,14
10994,619,0,1,1,1,20
3454,1044,0,1,1,1,2
9875,518,0,2,2,1,47
17538,1107,2,1,2,1,405
1501,322,1,2,2,1,10
5521,145,0,2,2,1,21
16305,944,0,1,1,1,12
13935,945,0,1,1,1,7
1570,990,1,1,1,1,4
11157,735,0,2,1,1,3
17783,527,0,2,2,1,2
16121,805,0,1,1,1,6
1218,496,0,2,2,1,334
15598,653,0,1,2,1,19
2653,100,0,4,1,1,4
13267,704,0,2,1,1,10
11853,704,1,2,1,1,15
17182,460,1,2,2,1,3
5874,1055,0,1,2,1,28
3136,821,2,1,2,1,49
7435,1100,2,1,2,1,57
9775,285,0,2,1,1,2
10624,442,0,1,3,1,4
12942,479,0,2,2,1,75
7099,57,0,1,1,1,2
17010,474,0,2,2,1,22
10182,741,0,1,2,1,7
15986,1086,2,2,1,1,19
18373,706,1,1,1,1,13
10833,184,1,2,1,1,2
9367,378,0,2,2,1,13
1714,518,0,2,2,1,6
6675,896,0,2,3,1,6
17531,181,0,2,2,1,10
4167,943,0,4,1,1,1
8625,714,1,1,2,2,4
5665,707,0,2,2,2,4
17300,322,0,2,2,1,25
12941,599,2,2,1,1,16
4200,684,1,1,2,1,37
1858,1050,1,1,2,2,17
13276,369,0,2,2,1,30
15835,902,0,4,2,2,3
16118,91,0,2,2,1,8
1357,414,1,2,2,1,4
16912,932,0,1,2,1,5
17812,1006,0,2,1,1,4
16844,124,0,2,2,1,20
10074,211,1,1,3,1,7
15238,373,0,2,2,1,98
6732,1089,0,1,1,1,6
18298,976,0,1,2,1,7
9837,823,1,1,1,1,2
12159,692,1,1,1,1,2
11924,270,0,2,2,1,3
11926,737,0,1,1,1,6
8295,314,0,1,2,1,2
18108,392,0,1,3,2,6
17151,814,0,2,1,1,4
5168,834,0,1,2,1,3
104,821,2,1,2,1,41
9246,506,0,2,2,1,186
17642,367,1,2,2,1,4
16756,744,0,1,2,2,4
5113,899,0,1,4,1,25
3859,159,1,1,3,2,8
13947,641,2,1,2,1,16
6206,118,0,2,2,1,27
9385,252,1,2,2,1,7
6084,320,1,2,2,1,2
3047,477,0,2,2,1,75
4363,507,0,2,2,1,18
5476,1019,2,2,1,1,21
15915,821,0,1,2,1,11
2859,130,1,1,2,1,3
2055,1056,0,1,3,3,13
13235,696,0,2,1,1,9
12475,155,0,2,2,1,25
10430,468,0,2,2,1,28
8875,1033,1,1,1,1,4
2684,484,0,2,2,1,7
11963,1098,0,1,1,1,46
10382,474,0,2,2,1,2
17934,599,0,2,1,1,56
780,228,1,2,2,1,6
11640,471,0,1,3,1,18
10805,509,0,4,1,1,2
7211,798,0,2,1,1,15
1451,891,0,1,1,1,6
13295,831,1,1,1,1,4
302,91,1,2,2,1,2
3118,707,0,1,3,2,9
9727,102,0,2,2,1,6
4523,246,0,2,1,1,2
8122,1024,0,1,1,1,8
8469,122,0,2,2,1,20
1324,609,0,2,3,2,15
17127,519,0,2,2,1,4
14043,484,0,2,1,1,2
991,946,0,1,1,1,7
16269,175,0,2,2,1,8
1418,1099,1,1,1,1,10
2308,885,2,2,1,1,11
12969,976,1,1,1,1,1
2177,1107,1,1,2,1,100
13908,823,0,1,2,1,25
5658,834,2,2,1,1,42
7243,485,0,2,2,1,2
9637,990,0,1,1,1,2
9654,995,2,2,1,1,33
16396,742,0,2,2,2,5
1620,976,1,2,1,1,8
14588,742,0,2,1,1,2
6534,672,0,1,1,1,26
5837,816,0,2,2,2,4
12414,141,1,2,2,1,4
17171,242,0,2,2,1,5
7319,1031,1,1,1,1,20
16131,893,0,1,3,1,22
11964,638,2,1,2,1,46
10577,149,0,2,2,1,20
18507,429,0,4,1,1,1
16841,477,0,2,2,1,20
4631,497,0,2,2,1,473
6839,763,1,2,1,1,10
16370,950,1,1,1,1,2
11697,118,0,2,2,1,29
1718,1008,1,2,1,1,14
3793,955,0,1,1,1,1
9400,126,0,2,2,1,24
18055,821,0,1,2,1,20
4835,508,0,2,2,1,26
11293,793,0,2,1,1,24
12272,298,1,2,2,1,3
10137,1019,1,1,2,1,42
16888,258,0,4,1,1,1
11260,834,2,2,1,1,69
13462,495,0,2,2,1,38
14947,242,0,2,2,1,170
5679,707,0,2,1,1,6
16537,467,0,2,2,1,8
17203,282,0,4,1,1,3
15924,613,0,1,2,1,6
4177,821,2,1,2,1,74
9636,123,0,2,2,1,22
4249,1026,0,1,2,2,12
2444,508,0,2,2,1,28
17338,1061,2,2,1,1,27
6742,899,0,2,2,1,2
12283,944,1,1,1,1,7
18270,644,1,1,2,1,6
16201,809,0,1,2,1,17
373,834,2,2,1,1,16
159,600,2,2,1,1,45
16360,476,0,2,2,1,141
12221,159,0,2,2,1,11
3054,1050,0,1,5,5,5
10962,73,1,1,2,2,7
11775,845,2,1,2,1,30
9070,584,0,1,1,1,7
13559,644,0,1,2,1,449
11210,658,0,1,1,1,5
3057,466,0,2,2,1,86
4437,122,0,2,2,1,27
3445,352,1,1,2,2,8
1674,1050,1,4,3,2,26
17313,344,0,2,2,1,7
5894,878,0,4,1,1,2
7989,584,0,1,1,1,5
8119,613,2,1,2,1,40
6561,976,2,2,1,1,35
1902,1113,1,1,1,1,2
1936,298,0,2,2,1,56
16495,849,0,2,1,1,2
6362,942,1,2,2,2,1
9187,505,0,2,2,1,31
10346,326,1,2,2,1,2
1438,37,1,1,1,1,2
13517,157,0,2,2,1,30
10961,1096,0,1,1,1,1
18048,239,1,1,2,1,3
7396,149,0,2,2,1,11
7123,1052,2,2,1,1,44
12199,931,0,1,2,1,12
9641,294,1,2,2,1,4
2756,1053,1,1,1,1,4
10830,496,0,1,4,2,59
2306,485,0,2,2,1,13
4044,826,0,1,1,1,7
2592,834,2,2,1,1,40
5478,810,0,1,2,1,31
18063,496,0,2,2,1,295
9803,124,0,2,2,1,14
11653,1018,0,1,2,1,4
7672,501,0,2,2,1,6
4503,783,0,2,1,1,2
18530,756,0,1,1,1,2
2980,839,0,2,1,1,2
17273,789,1,1,1,1,6
11786,478,0,2,2,1,11
1742,507,0,2,2,1,17
549,495,0,2,2,1,576
18204,184,1,2,2,1,4
7464,268,1,2,2,1,4
18168,120,1,2,1,1,2
12370,602,0,2,1,1,4
4836,895,2,1,4,1,52
14079,130,1,2,2,1,3
14353,763,0,2,1,1,52
10110,1008,2,2,1,1,83
7373,921,1,2,1,1,18
6995,734,2,1,2,1,71
16995,509,0,2,2,1,25
6546,467,0,2,2,1,3
17965,881,0,1,1,1,5
9109,618,1,4,3,3,1
17989,409,0,2,2,1,10
6514,786,1,1,2,2,1
3636,242,0,2,2,1,429
6459,765,0,1,1,1,2
1547,91,0,2,2,1,180
8777,133,0,2,2,1,9
9969,484,0,2,2,1,39
14280,794,0,1,4,4,18
5880,1044,0,1,1,1,5
13866,145,0,2,2,1,6
17443,1086,2,2,1,1,26
14217,1052,0,1,2,1,15
15217,468,0,2,2,1,76
14239,810,0,1,2,1,2
2312,592,1,1,1,1,2
11205,899,1,2,3,1,13
4032,1044,0,1,1,1,1
16916,1107,2,1,2,1,73
2768,67,0,1,1,1,28
2615,798,2,2,1,1,42
9838,471,0,2,2,1,226
5213,465,0,2,2,1,46
8719,252,0,2,1,1,1
14892,522,0,2,2,1,25
10220,462,0,1,3,1,7
14764,797,2,1,1,1,19
14936,496,0,2,2,1,190
5343,457,0,2,2,1,2
6398,165,0,4,1,1,1
4904,560,2,1,2,1,20
989,38,1,4,2,2,4
10374,744,0,2,1,1,1
10636,808,0,2,1,1,2
17213,653,1,1,2,1,21
7578,914,0,2,1,1,1
13756,810,2,1,3,2,79
2424,1072,0,2,1,1,1
5147,962,1,2,1,1,30
447,446,0,1,3,1,4
8569,127,0,2,2,1,83
11145,995,2,1,3,2,153
6373,475,0,2,2,1,6
8095,162,0,4,1,1,2
7287,836,0,1,2,2,4
17842,891,0,4,1,1,4
9962,1042,0,2,1,1,13
4132,479,0,2,2,1,2
16189,9,0,1,1,1,2
15334,460,0,2,2,1,6
12759,380,0,2,2,1,26
11795,798,0,2,1,1,9
5274,163,1,2,2,1,2
1523,742,0,2,1,1,2
14827,763,1,2,1,1,15
4754,883,0,1,1,1,9
10580,1060,0,2,1,1,1
9944,1026,1,1,1,1,1
14044,962,1,2,1,1,27
5138,790,1,1,4,3,8
11759,507,0,2,2,1,70
391,149,0,2,2,1,8
9964,389,0,2,2,1,6
18400,432,1,1,1,1,1
3320,313,0,2,2,1,12
15626,1017,1,1,1,1,10
11189,1019,2,1,2,1,21
12712,418,0,4,1,1,2
13189,687,0,1,1,1,1
14439,1019,2,1,1,1,1
8735,903,0,1,1,1,4
4839,342,1,2,2,1,2
292,242,0,2,2,1,320
16661,453,0,1,2,1,2
8008,325,0,1,1,1,1
14075,489,0,2,2,1,35
13504,600,0,2,1,1,6
5135,745,1,1,2,2,5
16906,653,2,2,1,1,58
10294,600,2,2,1,1,54
10353,481,0,2,2,1,112
10032,311,1,4,1,1,2
13572,283,0,2,2,1,6
17410,1051,2,1,1,1,3
7368,976,0,2,1,1,24
15287,1015,0,2,1,1,1
856,330,1,2,2,1,5
16637,473,0,2,2,1,9
9949,282,1,2,2,1,4
14728,893,0,1,3,1,97
2952,522,0,2,2,1,8
734,313,0,2,2,1,8
2001,478,0,2,2,1,3
740,91,1,2,2,1,8
16355,145,1,2,2,1,4
15686,742,1,1,3,2,6
8786,983,0,1,2,1,6
15122,1049,1,1,1,1,4
1798,154,1,2,2,1,3
6164,1113,0,1,1,1,2
6833,760,0,1,2,2,233
17555,16,1,1,1,1,15
8802,646,1,1,1,1,8
12219,809,0,1,1,1,2
11608,826,1,1,2,2,4
11842,760,0,4,1,1,23
14837,846,1,2,1,1,17
1184,851,0,1,5,4,9
12321,242,0,2,2,1,375
15899,684,0,1,2,1,35
15474,152,1,2,1,1,2
13490,1008,0,2,1,1,14
2268,1067,1,1,1,1,1
17663,559,2,1,1,1,23
13278,834,0,2,1,1,25
5288,740,0,1,1,1,3
14993,921,2,2,1,1,12
8316,102,0,2,2,1,9
17976,157,0,2,2,1,14
13506,1038,0,1,1,1,1
9249,802,0,1,1,1,2
2392,734,0,1,3,2,28
2439,661,0,4,1,1,1
9196,984,2,1,2,2,52
1907,957,0,1,1,1,2
16077,821,1,1,3,2,41
6024,181,0,1,3,1,7
16378,830,0,1,1,1,5
14805,124,0,2,2,1,36
1566,1018,0,1,2,1,6
3395,496,0,2,2,1,439
9643,744,0,1,2,2,10
15766,684,0,2,1,1,22
6129,1044,0,1,1,1,38
16200,912,1,1,1,1,4
11329,680,0,1,1,1,2
6818,1026,1,1,2,2,5
6293,226,0,1,3,1,9
9650,120,1,2,2,1,2
7224,501,0,4,1,1,1
8803,506,0,2,2,1,9
569,151,0,2,2,1,5
8626,465,0,2,2,1,79
3560,466,0,2,2,1,108
4929,691,1,2,3,3,5
10071,143,0,2,2,1,2
8613,469,0,2,2,1,28
6357,808,0,1,2,1,3
4237,135,0,2,2,1,58
2498,963,0,1,1,1,86
12663,240,1,2,2,1,4
10221,826,0,1,2,2,35
684,704,2,1,2,1,55
18134,248,0,1,2,1,4
4967,9,0,1,2,2,5
4480,734,1,1,3,2,14
9850,337,0,4,1,1,1
885,497,0,2,2,1,14
16607,268,0,2,2,1,7
17809,479,0,2,2,1,68
8572,613,0,1,2,1,53
2064,459,0,2,2,1,13
4275,8,0,1,2,1,6
8682,1054,0,1,1,1,3
4715,1116,0,1,1,1,1
15905,353,1,2,2,1,7
17779,891,0,1,1,1,28
4077,255,0,2,2,1,10
4886,684,1,1,2,1,23
3851,704,2,1,2,1,14
8765,1033,1,1,1,1,3
17995,705,0,1,2,1,2
11826,1010,0,1,1,1,4
321,921,1,2,1,1,4
379,742,0,1,2,1,291
12468,165,0,2,2,1,6
2388,744,2,1,2,2,10
1470,657,1,1,3,3,9
4819,1107,2,1,2,1,130
9132,914,0,4,1,1,1
12959,962,2,2,1,1,98
12652,932,0,2,1,1,2
6585,866,2,1,1,1,23
8908,1063,0,1,1,1,2
18466,603,0,1,1,1,4
9483,1063,1,1,1,1,75
15562,133,0,2,2,1,20
16667,228,0,2,2,1,12
6772,33,0,4,1,1,5
5836,555,2,1,1,1,24
16155,603,0,4,1,1,1
2192,240,0,2,2,1,17
5347,889,0,1,1,1,2
10458,638,2,1,2,1,56
16733,1069,0,1,1,1,11
15420,810,2,2,1,1,11
1399,821,2,1,2,1,2
13004,821,0,1,3,2,38
3343,126,0,2,2,1,39
13981,228,0,4,1,1,1
12539,695,0,1,1,1,1
8717,170,0,2,2,1,10
15108,15,0,2,1,1,2
15178,507,0,2,2,1,2
4085,798,1,1,2,1,6
10839,696,0,2,1,1,12
3431,102,1,2,2,1,52
2793,1037,0,1,4,2,47
11936,445,0,2,2,1,29
18099,757,0,1,1,1,3
1143,878,0,2,1,1,10
4209,1086,2,2,1,1,31
9787,1014,1,1,3,3,15
5709,736,0,1,1,1,2
11925,830,0,1,1,1,2
12127,38,0,5,2,2,3
2251,330,0,4,1,1,3
11407,471,0,2,2,1,10
3417,584,0,1,1,1,11
10171,1050,1,1,2,2,4
8759,1018,0,2,1,1,4
9221,653,1,2,1,1,12
2722,803,1,1,1,1,11
8215,892,0,2,1,1,111
18075,856,1,1,5,4,11
3388,147,0,2,2,1,30
2304,292,0,2,2,1,3
10437,540,2,1,1,1,8
10203,241,0,2,2,1,5
15914,155,0,2,2,1,32
16000,334,0,2,2,1,4
6994,1046,0,2,1,1,4
18300,244,0,2,2,1,9
18426,155,0,2,2,1,4
16143,834,0,2,1,1,82
9888,826,1,1,2,2,8
6166,1046,1,1,2,2,8
6351,1109,0,2,2,2,1
16766,816,1,4,1,1,2
6283,638,2,1,2,1,56
17421,845,1,2,1,1,21
2606,641,0,1,2,1,18
18036,7,0,1,1,1,17
4273,600,1,2,1,1,28
11827,126,0,1,3,1,54
6842,430,0,2,2,1,8
6355,759,0,1,1,1,1
5456,995,1,1,2,1,17
5632,921,0,2,1,1,7
2320,715,0,1,1,1,2
10008,172,0,2,2,1,43
4035,710,1,2,1,1,4
17576,808,0,1,1,1,4
12319,509,0,2,2,1,28
13390,976,2,1,2,1,27
4397,516,0,2,2,1,2
13216,948,1,1,2,2,3
18098,613,0,1,2,1,12
5876,506,0,2,2,1,126
13647,599,1,2,1,1,4
16952,242,0,2,2,1,310
4299,944,0,1,1,1,1
10031,311,1,1,1,1,2
1568,763,0,2,1,1,16
11310,328,0,2,2,1,2
17601,1097,1,1,1,1,4
16902,763,0,1,2,1,14
14479,957,0,1,1,1,8
13232,856,1,2,3,2,4
6897,1051,2,1,1,1,1
5562,995,2,1,2,1,44
9393,242,0,2,2,1,323
5314,169,0,2,2,1,5
6023,714,1,2,1,1,2
18253,1019,1,2,1,1,17
5028,962,1,2,1,1,32
18415,159,1,2,2,1,5
5367,1106,0,2,1,1,1
13269,1107,2,2,2,2,11
8025,126,0,2,2,1,51
15047,937,2,1,1,1,40
16669,600,2,1,2,1,26
16073,441,0,2,2,1,11
12844,1097,0,1,4,3,108
14601,19,0,2,1,1,3
14434,754,0,1,1,1,2
18474,821,0,2,1,1,7
13042,919,0,2,1,1,4
17988,451,0,2,2,1,2
17194,942,0,1,2,2,2
3998,159,0,2,2,1,5
5457,1075,2,2,1,1,17
9199,653,0,2,1,1,21
10050,989,1,1,1,1,2
15830,1086,2,2,1,1,71
17739,328,1,2,2,1,4
3943,821,1,2,1,1,15
13144,763,1,2,1,1,7
9804,684,2,2,1,1,34
14357,122,0,2,2,1,53
17928,252,1,1,2,1,3
1991,354,1,2,2,1,4
17371,745,1,1,2,2,1
16054,864,2,1,1,1,16
12856,931,0,2,1,1,6
1274,410,1,2,1,1,2
5329,421,1,1,4,2,20
9506,240,0,2,2,1,10
16812,942,0,1,3,3,4
3507,808,0,1,2,1,14
10545,613,1,1,2,1,36
2298,684,1,2,1,1,6
2783,470,0,2,2,1,22
1548,1107,2,2,1,1,4
18226,408,0,2,2,1,4
4231,834,1,2,1,1,5
6837,102,0,2,2,1,80
15360,687,0,1,1,1,4
17009,662,0,1,1,1,5
16451,893,0,1,3,1,10
18319,505,0,2,2,1,73
13815,734,2,1,2,1,63
2340,976,2,2,1,1,68
4319,1099,0,1,1,1,14
11025,890,0,2,1,1,1
6805,420,1,2,2,1,14
11172,380,0,2,2,1,14
7020,644,2,1,6,1,297
16939,560,1,1,1,1,3
18542,495,0,2,2,1,14
2854,1011,1,5,1,1,2
14501,511,0,4,1,1,1
13581,181,1,2,2,1,5
13007,72,0,1,1,1,1
698,821,0,1,2,1,72
14608,451,0,2,2,1,46
7675,184,1,2,2,1,4
10293,1018,0,1,2,1,26
3615,984,2,1,3,3,8
18370,967,0,1,1,1,1
2713,919,0,1,1,1,25
6220,600,2,2,1,1,86
17211,231,0,2,2,1,2
8292,198,1,1,2,1,3
3506,400,0,4,1,1,1
11304,7,0,2,1,1,6
15325,813,1,1,2,1,3
4675,653,2,1,2,2,23
13844,697,0,1,1,1,2
3409,1056,1,1,3,3,6
10340,976,0,2,1,1,21
16922,122,0,2,1,1,2
14299,124,0,2,2,1,14
13044,17,1,1,1,1,1
4743,119,0,2,1,1,3
3642,276,0,4,1,1,2
2433,294,0,4,1,1,2
17032,1089,1,1,1,1,3
2839,962,0,1,2,1,8
3807,1058,0,1,1,1,2
12662,707,0,2,1,1,13
10158,13,1,4,2,1,8
3444,292,0,4,1,1,5
2565,897,1,1,2,1,2
6859,932,0,1,2,1,76
6305,684,0,1,2,1,9
8774,100,0,4,1,1,2
2926,1100,2,1,2,1,221
15249,805,0,1,1,1,6
5663,661,1,2,3,2,4
3530,758,1,1,1,1,1
1134,16,2,1,1,1,16
239,881,1,1,1,1,2
15089,995,2,2,1,1,38
10141,648,0,1,1,1,2
4186,814,0,1,1,1,6
1235,1,1,1,2,1,20
17721,609,0,2,2,2,4
7194,794,0,1,5,5,12
13168,707,0,1,3,2,27
4328,823,1,1,2,1,37
9923,74,0,2,2,2,6
12394,839,1,1,1,1,3
5873,135,0,2,2,1,28
4287,638,1,1,2,1,32
13013,242,0,2,2,1,218
16112,504,0,2,2,1,9
8092,255,0,4,1,1,6
3420,1024,0,1,1,1,2
17821,648,1,1,3,3,6
15102,1008,2,2,1,1,25
7755,478,0,2,2,1,209
17059,845,2,2,1,1,35
15989,878,0,1,1,1,10
8258,300,0,2,2,1,32
11315,147,0,2,2,1,13
11710,491,0,1,4,2,12
1070,805,0,1,1,1,1
6607,1061,1,2,1,1,21
9867,851,0,1,2,2,5
17183,1099,0,1,1,1,16
6569,696,0,2,1,1,15
4693,836,0,1,1,1,33
2876,589,1,1,1,1,2
9107,393,0,2,2,1,4
5618,488,0,2,2,1,38
1415,1107,1,1,2,1,46
8132,1035,1,2,2,2,6
6838,102,0,2,2,1,8
17430,419,1,1,3,1,7
3142,744,0,1,2,2,5
8974,463,0,2,2,1,5
5254,1008,0,1,2,1,15
15585,122,0,2,2,1,33
1712,443,1,2,2,1,4
10737,244,0,2,2,1,50
796,976,2,1,2,1,25
7930,126,0,2,2,1,24
10299,257,0,1,3,1,7
15284,1052,2,1,2,1,18
13182,463,0,4,1,1,1
3594,1026,1,2,2,2,2
9424,124,0,2,2,1,38
11317,875,1,1,1,1,6
16363,756,1,1,3,2,4
299,445,0,2,2,1,13
1684,1091,0,1,1,1,2
9848,1019,0,2,1,1,44
15729,864,1,1,1,1,12
3308,1025,1,1,1,1,4
7501,909,1,1,3,3,5
11761,476,0,2,2,1,16
16081,477,0,2,2,1,8
7648,495,0,2,2,1,201
11693,124,0,2,2,1,22
11047,298,0,2,2,1,18
17960,894,2,1,3,1,98
13666,504,0,2,2,1,3
5849,311,1,2,2,1,6
1142,126,0,2,2,1,54
2092,117,0,2,2,1,2
1015,1088,0,2,2,2,3
1704,1018,1,1,2,1,30
14979,896,0,1,1,1,2
10479,1116,0,1,1,1,2
1222,734,2,1,2,1,60
10619,301,0,2,2,1,2
6318,818,1,1,1,1,7
16831,266,0,2,2,1,96
8273,830,1,1,1,1,5
866,785,1,4,1,1,2
17287,124,0,4,1,1,3
7654,1049,1,1,1,1,6
348,962,1,1,2,1,19
17174,518,0,2,2,1,61
10173,891,0,1,1,1,175
12103,716,0,1,1,1,1
16824,734,1,1,2,1,15
10500,891,0,1,1,1,4
1423,891,0,2,1,1,1
11003,126,0,2,2,1,123
1162,122,0,2,2,1,15
6120,288,0,1,2,2,7
13339,493,0,1,3,1,11
17730,103,0,2,2,1,34
16311,896,1,1,2,1,4
1852,794,0,1,4,4,9
15694,506,0,2,2,1,150
381,617,1,1,1,1,2
17879,763,2,2,1,1,75
6287,1082,0,1,1,1,4
16901,763,0,2,1,1,6
13018,613,2,1,2,1,36
5956,400,1,2,2,1,2
17360,1108,0,2,1,1,2
13438,1008,0,1,2,1,8
5853,1031,0,4,1,1,18
9470,1118,1,1,1,1,10
7897,795,0,2,1,1,437
14906,760,0,4,1,1,10
2727,244,0,2,2,1,30
15426,825,1,1,2,1,5
6541,1093,1,2,2,2,4
16590,1112,0,2,1,1,1
8431,846,0,1,2,1,31
15232,177,1,1,2,1,5
747,113,0,2,2,1,2
4725,810,2,1,2,1,13
13165,495,0,2,2,1,126
9021,240,0,2,2,1,120
5326,642,2,1,6,1,439
1282,957,0,2,2,2,5
1504,124,0,2,2,1,10
7291,957,0,4,2,1,2
17476,882,0,1,1,1,6
15344,173,1,2,2,1,6
9894,906,2,2,1,1,8
13154,1008,0,1,2,1,62
7836,181,0,2,2,1,4
5539,496,0,2,2,1,145
8146,836,0,2,1,1,1
5507,1052,1,2,1,1,11
10854,97,1,2,1,1,2
5040,149,0,2,2,1,29
2285,738,0,1,2,2,3
601,543,0,1,2,1,4
13507,155,0,2,2,1,38
8483,758,0,1,1,1,2
16450,619,2,1,1,1,1
7528,471,0,2,2,1,318
14365,177,0,1,2,1,9
7518,619,0,1,1,1,688
17102,779,2,2,1,1,22
12694,1107,2,1,2,1,79
3270,79,1,1,3,2,4
8864,845,0,1,1,1,2
12828,1009,0,1,1,1,1
12650,100,0,4,1,1,1
5587,1119,0,1,1,1,3
11322,983,1,1,2,1,2
11436,1126,0,1,1,1,2
7974,373,0,2,2,1,70
3885,976,1,2,1,1,9
17482,1107,2,1,2,1,127
6122,144,0,1,3,1,4
8835,808,0,2,1,1,5
1097,491,0,2,2,1,10
1380,1015,1,1,1,1,4
9090,602,0,2,1,1,3
11453,989,1,1,1,1,9
14707,500,0,4,1,1,2
17898,962,0,2,1,1,45
2945,812,0,1,1,1,348
12281,500,0,2,2,1,8
17715,983,0,4,1,1,1
12831,638,2,1,3,1,59
14060,1065,0,4,1,1,2
18336,962,2,2,1,1,30
17173,902,1,1,3,3,7
2680,662,0,1,1,1,2
18008,1055,0,2,1,1,7
4938,938,0,2,1,1,2
5353,734,2,1,3,2,65
15332,451,0,2,2,1,8
1543,798,1,2,1,1,21
15728,691,1,2,3,2,9
8938,814,0,2,1,1,8
15912,648,1,1,2,2,4
12686,814,0,1,1,1,10
17977,404,1,1,3,1,9
4758,1037,1,1,1,1,2
9172,874,0,1,1,1,1
15720,1097,1,1,1,1,4
4535,1008,0,2,1,1,23
7140,989,1,1,1,1,5
17936,744,1,1,2,2,12
8044,91,0,2,2,1,396
9104,735,0,1,1,1,11
16804,469,0,2,2,1,122
17955,610,2,1,1,1,8
16199,600,1,2,1,1,29
5692,674,2,1,1,1,4
10044,829,0,1,1,1,1
6504,248,1,2,2,1,3
6647,550,0,5,1,1,1
10956,102,0,2,2,1,7
17065,609,0,2,2,2,5
7842,825,1,1,2,1,2
17344,794,0,1,3,3,9
17535,734,2,1,2,1,82
17943,475,0,2,2,1,23
12257,172,1,2,2,1,6
15343,1008,2,2,1,1,60
17944,891,0,2,1,1,6
15239,7,0,1,1,1,18
16718,704,0,2,1,1,15
13289,91,0,2,2,1,26
13933,270,0,2,2,1,4
2524,821,2,1,3,2,34
1638,522,0,2,2,1,14
4381,644,2,1,2,1,54
67,821,0,1,2,1,6
4266,661,1,1,6,5,25
9699,466,0,2,2,1,37
16297,846,2,2,1,1,24
392,810,0,2,1,1,3
18365,240,0,2,2,1,5
16586,1,0,1,2,1,2
18035,557,0,1,1,1,2
11369,838,0,2,1,1,2
14324,883,0,1,1,1,4
14730,687,2,1,1,1,8
1754,423,1,1,1,1,1
15188,767,0,1,2,2,6
4640,1008,2,2,1,1,18
18184,823,0,2,1,1,4
3553,1052,1,2,1,1,7
12898,365,0,4,1,1,2
1997,1100,2,1,2,1,42
11847,772,0,1,1,1,4
14466,684,1,2,1,1,15
17927,504,0,2,2,1,6
5321,95,0,2,2,1,4
17814,878,0,1,1,1,9
4438,417,1,1,4,2,10
6935,812,0,1,1,1,9
14816,769,0,2,1,1,1
10015,714,1,1,2,2,3
2155,155,0,2,2,1,35
6822,9,0,2,1,1,4
10759,994,0,2,1,1,1
9627,531,2,1,1,1,25
5752,7,0,1,1,1,27
12939,1019,1,2,1,1,13
15293,133,1,1,3,1,7
14092,17,1,2,1,1,1
10553,846,2,2,1,1,21
3501,821,1,1,3,2,51
8620,810,2,1,2,1,158
9139,467,0,2,2,1,4
1878,884,0,1,1,1,10
13330,1014,0,1,2,2,3
10966,661,0,4,1,1,2
3398,737,1,1,1,1,2
12048,690,1,1,1,1,8
9182,380,0,2,2,1,8
9235,944,1,1,1,1,5
905,1107,1,1,2,1,111
6218,1030,1,2,1,1,4
492,692,0,2,1,1,2
6386,1096,0,1,1,1,2
12409,149,0,2,2,1,8
3043,1025,0,1,1,1,3
2906,1,0,2,1,1,4
14626,856,1,2,2,2,6
6036,1105,0,2,1,1,1
10510,518,0,2,2,1,24
12140,91,0,2,2,1,369
16948,47,0,3,2,1,3
11547,734,2,1,3,2,18
9776,808,0,1,2,1,7
1680,821,1,1,2,1,36
17365,895,2,1,4,1,64
5191,684,0,1,2,1,20
11742,613,2,1,3,1,55
13078,1019,2,2,1,1,34
11788,886,0,1,2,2,4
5021,972,1,1,2,2,2
8502,245,0,2,2,1,5
8944,760,0,1,1,1,4
16977,501,0,2,2,1,14
6477,282,0,2,2,1,29
9301,600,2,2,1,1,23
1472,479,0,2,2,1,63
1383,17,1,1,1,1,4
10789,135,0,2,2,1,43
9954,128,0,2,2,1,16
6682,600,1,1,2,1,11
11548,519,0,1,3,2,7
13193,266,0,2,2,1,7
13215,942,1,1,3,3,7
11500,932,0,2,1,1,4
17536,505,0,2,2,1,11
1283,380,0,2,2,1,13
7910,1042,2,2,1,1,18
2688,978,1,1,3,3,4
15320,242,0,2,2,1,4
14942,894,0,1,4,1,263
4352,226,0,1,2,1,3
6012,831,1,1,1,1,1
1321,533,0,1,3,1,16
10573,1117,0,1,1,1,19
13192,810,1,2,1,1,43
14607,520,0,2,2,1,21
18209,242,0,2,2,1,213
371,332,0,1,1,1,2
14163,479,0,2,2,1,44
158,533,0,5,1,1,4
11721,455,0,2,2,1,4
6310,1112,0,1,1,1,3
12398,976,0,2,1,1,22
15931,494,0,2,2,1,379
12390,885,0,1,1,1,5
11711,394,1,2,2,2,3
13280,481,0,2,2,1,89
6365,645,0,1,2,1,20
10040,226,1,2,2,1,3
11570,892,1,1,3,1,35
1509,126,0,2,2,1,40
9508,488,0,2,2,1,22
16190,126,0,2,2,1,10
9750,478,0,1,3,2,17
88,494,0,2,2,1,17
11574,443,0,4,1,1,3
12698,704,1,2,1,1,5
6918,382,1,2,2,1,4
8985,841,1,1,1,1,2
9347,684,1,2,1,1,24
2670,976,1,2,1,1,14
14194,919,1,1,1,1,12
18295,984,0,2,2,2,10
1616,541,2,1,3,3,8
2808,155,0,2,2,1,16
2240,10,0,1,1,1,20
11950,484,0,2,2,1,13
13334,1099,0,1,1,1,147
10084,957,0,1,1,1,116
14718,826,1,1,2,2,9
10425,51,0,1,2,1,2
5053,116,0,4,1,1,3
6820,489,0,2,2,1,46
4031,34,0,1,1,1,23
13453,1009,0,1,1,1,1
12131,1084,2,1,3,2,5
17157,470,0,2,2,1,19
18508,709,0,1,2,2,4
11027,1111,0,4,1,1,1
3259,92,0,2,1,1,2
5523,637,0,1,1,1,17
18291,600,0,2,1,1,43
8180,171,0,1,3,1,4
1117,17,0,2,1,1,2
7609,468,0,2,2,1,264
3652,536,1,1,2,2,2
9753,794,0,1,3,3,10
18071,976,0,2,1,1,40
8261,1093,2,1,1,1,41
1694,1088,1,1,2,2,3
13058,346,0,4,1,1,1
7486,82,1,2,2,2,4
16868,380,0,2,2,1,26
4879,1100,2,1,2,1,504
9222,202,0,2,3,2,4
7987,116,1,2,2,1,3
8665,984,1,1,2,2,6
8103,450,0,2,2,1,20
4975,806,0,1,1,1,13
7614,380,0,2,2,1,21
18473,1106,0,1,1,1,5
15345,478,0,2,2,1,230
1028,332,1,1,2,1,3
8933,922,1,1,1,1,2
8713,497,0,2,2,1,429
1148,419,1,1,2,1,5
300,691,1,2,3,2,4
13956,921,0,2,1,1,35
14701,653,1,1,2,1,7
12997,1067,1,1,2,2,4
2364,118,0,2,2,1,33
3970,122,0,2,2,1,16
15953,471,0,2,2,1,155
5657,734,2,1,2,1,43
15223,451,0,2,2,1,36
8537,842,0,1,1,1,2
17088,430,1,2,3,2,6
320,1100,2,1,2,1,142
7764,691,0,2,3,2,18
12655,471,0,2,2,1,22
9162,1054,1,1,1,1,3
4608,102,0,4,1,1,2
2977,13,2,1,5,4,113
129,726,0,1,1,1,10
4935,821,1,2,1,1,13
8382,189,0,2,2,1,2
6797,313,0,2,2,1,10
15800,1026,0,2,1,1,4
2187,738,1,2,1,1,3
9193,175,0,4,1,1,2
16498,1100,2,1,2,1,153
6096,474,0,2,2,1,34
13480,1011,1,1,1,1,14
5340,1026,2,1,2,2,12
10906,537,1,1,1,1,2
2041,759,0,1,1,1,1
15691,477,0,2,2,1,190
15307,242,0,2,2,1,324
17695,799,1,1,2,2,2
11688,468,0,2,2,1,122
14136,466,0,2,2,1,4
10198,253,0,2,2,1,4
3459,846,2,2,1,1,50
11261,541,1,1,1,1,1
2170,931,2,2,1,1,8
1921,508,0,2,2,1,179
142,734,2,1,2,1,28
15204,1100,2,1,2,1,92
13825,845,2,2,1,1,58
17184,839,0,2,1,1,5
10088,228,1,2,2,1,4
16531,344,0,2,2,1,16
1449,242,0,1,1,1,1
9534,146,0,2,2,1,4
17042,478,0,2,2,1,134
3179,469,0,2,2,1,68
7972,734,0,1,2,1,50
18049,1093,1,1,1,1,6
15717,270,0,2,2,1,4
1528,646,2,1,1,1,14
2205,1076,0,2,1,1,1
6993,500,0,2,2,1,6
8312,875,0,1,1,1,138
16046,471,0,2,2,1,119
3277,459,0,2,2,1,8
4083,704,0,1,2,1,13
8199,845,2,2,1,1,30
9451,469,0,2,2,1,121
15599,609,0,1,2,2,5
317,236,0,1,3,1,9
2732,599,0,1,1,1,1
2410,50,0,1,1,1,5
7035,821,2,1,3,2,13
14361,704,2,1,2,1,42
8178,995,1,2,1,1,25
1165,509,0,2,2,1,96
13206,967,2,1,3,2,38
13837,102,0,2,2,1,14
16764,618,0,1,3,3,9
7393,311,0,4,1,1,1
6705,73,0,1,1,1,2
9213,213,1,2,2,1,4
8064,845,0,2,1,1,9
4577,667,2,1,1,1,19
11632,382,0,2,2,1,6
345,895,1,1,3,1,36
9666,921,1,2,1,1,6
8378,1008,0,1,2,1,24
16434,497,0,2,2,1,153
17337,471,0,2,2,1,52
15780,887,0,1,1,1,28
53,242,0,1,3,1,297
10773,518,0,2,2,1,7
1948,443,0,2,2,1,7
13017,746,0,1,1,1,2
2319,272,0,1,3,2,9
15539,1026,0,2,1,1,1
630,344,0,2,2,1,10
6710,959,0,2,1,1,1
15760,1092,1,1,1,1,5
2567,906,2,1,1,1,15
16761,153,0,1,3,1,4
10135,476,0,2,2,1,107
5358,1111,1,1,1,1,5
4555,600,2,2,1,1,44
15839,522,0,2,2,1,4
17664,944,1,1,1,1,4
12682,794,0,1,3,3,5
2696,798,1,2,1,1,5
16638,977,1,1,3,3,5
7891,481,0,2,2,1,115
18257,367,1,2,2,1,4
6902,1019,2,2,1,1,15
11135,126,0,2,2,1,26
10820,646,1,1,1,1,6
15857,1086,0,2,1,1,34
5708,380,0,1,2,1,17
15939,237,0,2,1,1,2
5396,126,0,2,2,1,79
4307,707,0,2,2,2,5
17025,78,1,2,1,1,2
16025,955,0,1,1,1,4
9546,1055,0,1,2,1,4
9883,979,0,1,1,1,2
3784,1075,0,2,1,1,20
2803,484,0,2,2,1,18
14923,810,2,2,1,1,52
11709,894,0,1,3,1,427
3863,135,0,2,2,1,13
3322,450,0,2,2,1,16
6137,811,0,1,1,1,2
1166,584,0,1,1,1,6
5433,91,1,2,2,1,26
585,962,0,2,1,1,4
5416,79,1,1,2,2,1
3869,1052,1,2,1,1,15
5339,1074,0,1,2,1,4
16065,16,0,1,1,1,2
15348,471,0,2,2,1,337
13164,899,0,1,4,1,13
12780,745,0,1,4,4,4
17521,638,0,1,1,1,169
11815,478,0,2,2,1,123
7251,481,0,2,2,1,118
7547,892,0,1,3,1,27
9717,810,2,1,2,1,61
17608,403,1,1,2,2,3
11873,845,0,2,1,1,12
9399,779,0,2,1,1,6
892,346,1,2,2,1,2
11729,887,0,4,1,1,2
13326,465,0,4,1,1,2
9653,1100,1,1,2,1,66
10489,1100,2,1,2,1,634
6858,798,1,2,1,1,16
4079,948,1,1,2,2,4
6603,619,1,1,1,1,59
13308,846,1,2,1,1,6
6614,469,0,2,2,1,421
13172,694,0,1,1,1,2
11968,1019,0,1,2,1,46
2486,653,0,2,1,1,12
17244,415,1,1,3,1,10
5120,932,0,1,2,1,4
465,684,2,2,1,1,58
1778,667,2,1,1,1,16
6951,1087,0,1,2,1,8
17233,547,0,1,1,1,4
14610,331,0,4,1,1,2
15660,948,1,1,2,2,5
2318,304,0,1,4,2,5
9784,485,0,2,2,1,20
2010,808,0,1,2,1,14
17364,1099,0,1,1,1,22
10417,1106,1,2,1,1,2
8374,435,1,2,2,1,2
8800,1107,2,1,3,2,124
5282,1015,1,1,1,1,11
5422,604,0,1,1,1,2
484,1018,0,1,2,1,16
270,479,0,2,2,1,69
14016,744,1,1,1,1,3
13011,378,0,2,2,1,5
1131,495,0,2,2,1,429
5052,124,0,2,2,1,12
10694,1107,0,1,2,1,71
17268,599,2,2,1,1,61
12621,514,0,2,2,1,23
10526,684,0,1,2,1,45
4148,1021,1,1,1,1,16
1213,197,0,1,3,1,3
18403,9,0,2,1,1,5
6575,931,0,2,1,1,3
12043,126,0,2,2,1,27
8942,169,0,2,3,2,11
8245,443,1,1,3,2,7
3088,738,0,1,1,1,1
12640,690,0,1,1,1,1
5913,778,1,1,2,1,22
3726,1030,0,4,1,1,2
9740,239,0,4,1,1,1
11856,496,0,2,2,1,426
503,962,1,2,1,1,25
6633,73,1,1,3,3,10
8564,497,0,2,2,1,358
9487,938,0,2,1,1,21
768,474,0,2,2,1,7
10798,816,1,2,3,2,4
12762,775,0,1,2,1,16
16063,584,0,1,1,1,5
10068,808,0,1,2,1,25
14462,1010,0,1,1,1,4
7769,653,2,1,2,1,52
1942,640,0,4,1,1,2
13864,1049,0,2,1,1,1
9023,1073,0,2,1,1,2
6273,994,0,1,1,1,4
16816,816,1,2,4,3,5
8142,809,0,1,2,1,6
2835,126,0,2,2,1,46
12153,976,1,1,2,1,17
14395,159,0,1,2,1,7
13885,562,1,1,2,2,10
3207,491,0,2,2,1,5
16925,840,2,1,1,1,13
12054,825,1,1,2,1,11
12325,88,1,1,1,1,4
10614,834,1,2,1,1,10
6126,508,0,2,2,1,33
16296,805,0,1,2,2,7
17564,496,0,2,2,1,133
4443,514,0,2,2,1,475
1824,800,0,1,1,1,2
5393,670,1,1,1,1,18
2217,793,0,1,1,1,34
8732,124,0,2,2,1,30
4391,506,0,2,2,1,89
2148,613,1,1,2,1,13
9154,300,1,2,2,1,4
2516,823,0,1,2,1,104
840,88,1,4,1,1,2
3263,418,1,2,2,1,3
10571,793,0,1,1,1,81
17342,1042,0,2,1,1,6
5785,102,0,2,2,1,54
17305,641,0,1,2,1,6
5172,169,0,4,1,1,6
196,782,0,1,1,1,4
5483,470,0,2,2,1,10
9974,773,0,2,1,1,7
5310,834,1,1,2,1,13
16001,254,0,2,2,1,4
679,734,1,1,2,1,24
16485,244,0,2,2,1,42
9054,296,0,2,2,1,9
11446,1097,1,1,1,1,5
16975,284,1,1,1,1,2
11155,91,0,2,2,1,159
16921,766,0,1,1,1,2
5784,1019,2,1,5,2,132
11599,803,1,1,1,1,2
13808,1052,2,2,1,1,18
17682,325,0,2,2,1,3
5609,1100,2,1,2,1,72
15004,181,1,2,1,1,2
5030,1042,2,2,1,1,14
18449,173,0,4,1,1,2
17370,866,2,1,1,1,44
11689,310,0,2,2,1,2
13460,945,1,1,1,1,6
18527,135,1,1,3,1,7
1071,445,0,2,2,1,6
14536,984,1,1,3,3,5
444,326,1,2,2,1,8
17240,1100,2,1,2,1,114
1444,1052,1,1,2,1,9
4903,457,0,2,2,1,86
8831,1008,0,2,1,1,60
15613,653,0,1,2,1,69
15681,707,0,2,2,2,4
15917,91,0,2,2,1,478
13650,732,0,1,1,1,6
15137,149,0,2,2,1,5
15071,943,1,1,2,1,9
17838,481,0,2,2,1,111
16197,891,0,1,1,1,25
11374,893,0,1,4,1,63
6729,894,0,1,3,1,33
1678,120,0,4,1,1,2
13983,505,0,2,2,1,146
489,72,1,2,1,1,2
7677,418,0,4,1,1,4
9002,925,0,1,1,1,10
4511,646,1,1,1,1,7
15976,1091,0,1,3,3,4
7573,797,1,1,1,1,18
14009,376,0,4,1,1,1
1749,641,1,1,1,1,3
14680,1075,0,2,1,1,12
17897,475,0,2,2,1,47
12479,1107,1,1,2,1,14
10638,527,0,2,1,1,1
8693,892,0,1,2,1,100
8335,684,2,1,2,1,85
9836,957,0,2,1,1,3
213,497,0,2,2,1,406
207,506,0,2,2,1,233
8368,1053,0,2,1,1,2
14328,704,2,1,2,1,33
1803,1023,0,2,1,1,2
3962,506,0,2,2,1,33
5825,122,0,2,2,1,40
4676,161,0,4,1,1,2
7467,518,0,2,2,1,21
5721,495,0,2,2,1,380
9589,734,1,1,2,1,20
5320,1019,2,1,2,1,75
8972,998,0,1,1,1,12
5417,918,1,1,1,1,5
4487,938,0,1,1,1,26
16035,152,0,4,1,1,2
14132,102,0,4,1,1,4
16266,122,0,2,2,1,16
12742,280,1,2,2,1,4
12998,288,0,2,2,1,4
8328,953,0,1,1,1,2
11923,350,1,2,2,1,3
5371,704,1,2,1,1,4
15099,1019,0,2,1,1,1
15237,33,1,5,1,1,3
15134,1061,0,1,2,1,12
6162,821,2,1,2,1,23
16660,1099,0,1,1,1,1
14687,742,0,1,3,2,717
8488,826,2,1,2,2,4
624,165,1,2,1,1,2
14426,793,0,1,1,1,15
7855,834,2,1,2,1,36
12538,976,1,2,1,1,6
10795,810,2,2,1,1,41
13979,533,0,4,2,2,5
6465,800,0,1,1,1,6
5648,292,0,2,2,1,12
11932,338,0,4,1,1,2
9048,957,2,2,1,1,8
13340,810,0,1,2,1,21
477,1042,1,2,1,1,25
5989,1075,2,1,3,2,14
13341,102,0,2,2,1,24
3063,653,2,1,2,1,260
8427,126,0,2,2,1,16
4573,664,0,1,1,1,3
8371,830,2,1,1,1,7
18203,798,0,2,1,1,6
14179,836,0,2,1,1,9
11179,1107,0,1,2,1,31
1107,1107,1,1,2,1,36
4261,443,0,1,2,2,2
5280,1,1,1,2,1,13
11386,356,0,2,2,1,6
8288,1061,1,2,1,1,6
16576,853,1,2,1,1,2
3857,834,2,1,2,1,24
16583,348,0,1,2,1,4
17339,234,1,1,2,2,3
15194,283,0,2,2,1,4
10161,1007,0,1,2,2,1
11737,615,0,1,2,2,112
17252,118,0,2,2,1,41
17424,402,1,2,2,1,8
5764,629,0,1,1,1,2
11686,945,1,1,2,2,8
17187,798,1,2,1,1,49
5169,1099,0,1,1,1,9
3760,899,0,1,3,1,6
16116,126,0,2,2,1,28
5121,236,0,1,2,2,5
14038,973,0,1,1,1,1
17034,102,0,2,2,1,22
16965,734,1,1,3,2,38
16946,497,0,2,2,1,395
3842,1027,0,1,1,1,1
6978,149,0,2,2,1,137
15292,498,0,2,2,1,164
14428,499,0,2,2,1,7
13698,810,1,1,2,1,16
15951,734,2,1,2,1,83
7283,222,0,2,2,1,4
9362,400,1,1,3,1,5
16942,155,0,1,3,1,26
13751,767,0,1,2,2,5
7796,416,1,2,2,1,4
12090,921,1,2,1,1,34
10721,1042,1,2,1,1,12
16151,704,0,2,1,1,4
16089,721,2,1,1,1,18
15350,1018,0,2,1,1,1
3119,509,0,2,2,1,13
7503,1010,1,1,1,1,12
15878,601,0,4,2,2,1
6098,504,0,4,1,1,1
14995,147,1,2,2,1,2
8036,1014,0,1,1,1,2
3772,613,0,2,2,1,7
5304,1019,1,2,1,1,10
6598,496,0,2,2,1,294
8600,91,0,2,2,1,6
8947,818,1,1,1,1,106
4254,1018,0,1,2,1,5
1441,549,0,1,3,2,16
6448,475,0,2,2,1,4
16374,460,0,2,2,1,12
17841,763,0,2,1,1,7
15895,889,0,1,1,1,1
13025,250,0,2,2,1,2
1271,410,0,4,1,1,2
4285,102,0,2,2,1,11
18395,846,0,2,1,1,28
938,1107,2,2,1,1,3
15310,909,0,1,2,2,3
10601,488,0,2,2,1,41
11739,95,0,2,2,1,36
8799,505,0,2,2,1,146
11306,494,0,2,2,1,221
9682,815,1,1,1,1,44
4410,445,0,2,2,1,30
3035,1088,1,1,2,2,4
12839,705,1,1,1,1,2
9887,469,0,2,2,1,212
10320,357,0,2,1,1,2
7048,447,1,1,3,1,17
15494,1,0,1,2,1,3
18463,229,1,1,2,1,5
8406,877,0,1,2,1,6
5192,881,0,1,4,3,3
6516,469,0,2,2,1,129
5909,638,1,1,2,1,10
92,600,0,2,1,1,12
2624,855,0,2,1,1,2
1434,512,0,4,1,1,1
68,684,2,2,1,1,104
10207,756,1,1,2,2,2
10145,91,0,2,2,1,14
11694,1031,1,1,1,1,12
7845,923,0,2,1,1,1
14711,793,0,1,1,1,97
7600,603,0,1,4,2,13
14338,289,0,2,2,1,4
15136,324,0,2,2,1,4
5910,156,0,2,2,1,10
15381,1008,2,2,1,1,93
4142,957,0,1,2,2,2
17310,232,0,4,1,1,1
14481,326,0,2,2,1,2
12224,810,0,2,1,1,8
13578,1042,0,2,1,1,16
17276,469,0,2,2,1,106
17357,706,2,1,1,1,3
12718,507,0,2,2,1,10
14878,936,1,1,2,2,4
14085,392,1,1,1,1,1
14169,735,0,1,1,1,3
1666,1008,0,2,1,1,1
12018,242,0,2,2,1,13
11352,1019,2,1,2,2,10
16698,955,0,2,1,1,3
2415,290,0,4,1,1,1
4429,846,0,2,1,1,12
9504,695,2,1,1,1,6
6887,925,2,1,2,2,70
2220,818,1,1,1,1,14
5345,734,2,1,2,2,88
13891,491,0,2,2,1,126
269,891,0,2,1,1,1
10783,1019,0,2,1,1,8
18086,135,0,2,2,1,6
17082,1094,0,1,1,1,2
99,149,0,2,2,1,254
10529,353,0,2,2,1,8
505,834,0,2,1,1,14
9778,1017,1,1,1,1,2
17908,921,0,2,1,1,7
6523,496,0,2,2,1,58
11896,1019,1,2,1,1,19
15469,977,1,5,1,1,1
2383,925,0,1,1,1,136
2219,1038,1,1,1,1,2
3812,427,1,2,2,1,11
1681,752,0,1,1,1,1
2846,382,0,2,2,1,3
12117,763,2,2,1,1,73
5295,921,1,2,1,1,14
9377,793,0,2,1,1,19
1500,1101,0,1,1,1,2
16192,1042,1,2,1,1,11
15840,488,0,1,2,1,19
8133,242,0,2,2,1,211
4323,1046,1,1,2,2,11
9754,644,1,1,2,1,416
6346,1107,2,1,2,1,149
10709,317,0,2,2,1,10
14281,1097,1,1,1,1,1
462,1008,1,1,2,1,32
5272,1030,0,1,1,1,9
10814,883,0,2,1,1,1
9608,485,0,2,2,1,7
732,909,0,2,2,2,2
17266,298,0,2,2,1,5
6712,912,1,1,1,1,2
7034,957,0,1,2,2,2
11733,311,0,2,2,1,12
682,455,0,2,2,1,14
9040,1107,2,1,2,1,26
260,653,0,2,1,1,12
18057,653,0,2,1,1,9
9473,494,0,2,2,1,47
84,745,1,1,2,2,4
5039,457,0,2,2,1,63
1247,1,0,1,2,1,7
15796,122,0,2,2,1,6
7912,1030,0,1,1,1,5
2569,124,0,2,2,1,8
12306,282,0,2,2,1,6
14311,816,1,2,5,4,3
6174,507,0,2,2,1,73
8991,12,1,1,1,1,11
10080,808,0,1,2,1,22
3337,613,1,1,3,1,38
9044,496,0,2,2,1,24
17170,508,0,2,2,1,38
5298,1103,0,1,1,1,2
15386,846,2,2,1,1,28
16550,313,0,2,2,1,12
992,579,0,1,1,1,6
15463,771,0,2,1,1,4
15327,805,0,4,1,1,2
15067,995,0,2,1,1,10
6479,475,0,2,2,1,29
10300,478,0,2,2,1,42
8480,881,0,1,2,2,4
5777,147,0,2,2,1,3
720,154,1,2,2,1,2
9166,946,0,1,1,1,20
4678,1034,0,1,1,1,8
14739,864,1,5,1,1,2
3261,16,1,1,1,1,2
5115,91,0,2,2,1,23
10246,735,0,1,1,1,5
7298,836,0,2,1,1,4
7697,126,0,2,2,1,55
2689,814,0,1,1,1,19
15416,223,0,1,3,1,3
3902,9,0,1,2,1,7
10179,91,0,2,2,1,162
14812,894,0,1,3,1,30
4120,745,0,1,3,3,9
9946,1049,0,1,1,1,2
16988,657,0,2,2,2,3
7753,476,0,2,2,1,2
1154,252,1,1,3,2,5
959,1097,1,1,1,1,5
8366,1008,1,2,1,1,25
11225,72,1,1,1,1,7
12183,490,0,2,2,1,7
15451,613,0,2,1,1,12
17615,792,0,1,1,1,1
17100,476,0,2,2,1,30
14001,812,0,2,1,1,2
13162,1115,0,1,1,1,5
16729,851,1,1,2,2,6
17397,936,0,4,2,2,6
3333,1100,2,1,2,1,93
7147,242,0,2,2,1,346
13483,496,0,2,2,1,109
3878,810,1,2,2,1,11
1617,481,0,2,2,1,90
5493,1117,0,1,1,1,1
2663,957,0,1,1,1,5
7378,32,2,1,6,5,20
10857,1019,1,2,1,1,40
16023,118,0,2,2,1,32
8189,526,0,2,2,1,7
6827,800,0,1,1,1,3
2070,808,0,1,1,1,2
11476,504,0,2,2,1,36
10560,373,0,2,2,1,7
822,91,0,2,2,1,398
14511,638,2,1,2,1,75
3704,270,1,2,2,1,4
12659,317,0,1,3,1,4
7137,102,0,2,2,1,27
17925,603,0,4,1,1,1
28,889,0,2,1,1,2
9394,45,0,4,1,1,1
11380,396,1,2,2,1,2
7514,149,1,2,2,1,4
9306,906,1,1,1,1,6
1409,723,0,4,1,1,1
2749,769,0,1,1,1,2
15541,962,1,2,1,1,6
6121,369,0,4,1,1,4
13996,236,1,1,3,2,4
17922,890,0,1,1,1,2
14744,226,1,2,2,1,4
14372,300,1,2,2,1,3
5464,1037,1,1,1,1,1
11238,928,0,1,1,1,2
11104,418,1,2,2,1,2
16424,1097,0,2,1,1,8
16659,415,0,2,2,1,13
11018,475,0,2,2,1,63
3457,157,0,2,2,1,19
5047,805,0,2,1,1,2
13020,478,0,1,3,1,34
1639,473,0,2,2,1,3
922,790,1,1,2,2,6
16079,972,1,1,1,1,2
12889,755,0,2,1,1,3
12681,551,2,1,1,1,24
14278,644,0,1,2,1,2
4327,485,0,2,2,1,44
12098,599,0,2,1,1,9
16095,618,2,1,1,1,1
16796,16,1,1,1,1,4
10432,895,1,1,3,1,19
12469,945,0,1,1,1,3
7423,1038,0,1,1,1,2
15221,1120,1,1,1,1,46
16446,488,0,2,2,1,42
13252,830,2,1,1,1,21
16281,149,0,2,2,1,7
13071,655,0,1,2,1,4
38,468,0,2,2,1,10
80,194,0,2,1,1,3
79,8,0,1,2,1,4
8608,1052,2,1,2,2,34
3189,1061,2,2,1,1,25
1115,244,0,2,2,1,33
6160,1019,0,2,1,1,16
7840,133,0,2,2,1,13
16401,980,1,2,1,1,3
8641,638,1,1,2,1,86
4383,315,0,1,1,1,1
6803,1008,0,2,1,1,7
43,300,0,2,2,1,12
9528,1086,0,2,1,1,2
6347,1066,0,1,3,3,4
27,793,0,1,1,1,5
13433,495,0,2,2,1,6
8,243,0,2,2,1,16
3590,998,2,1,1,1,1
4388,797,1,1,2,2,6
131,621,1,1,1,1,2
9373,33,2,1,4,3,45
9661,608,0,2,1,1,1
3752,149,0,2,2,1,158
243,520,0,2,2,1,26
15511,283,1,2,2,1,2
18200,1048,1,1,1,1,3
4361,13,1,1,1,1,1
7975,124,0,2,2,1,4
8594,89,1,2,2,1,166
8211,851,0,1,1,1,2
2499,1030,1,1,1,1,1
12869,130,1,2,2,1,2
12001,527,0,2,1,1,1
3700,745,2,1,6,5,14
2915,228,0,4,1,1,4
2496,13,0,2,1,1,1
5759,793,0,2,1,1,1
4782,91,0,1,3,1,14
16979,846,0,1,2,1,4
2503,473,0,2,2,1,6
5372,962,0,2,1,1,15
2323,485,0,2,2,1,21
6676,816,1,1,2,2,13
9348,276,0,2,2,1,8
12367,926,2,1,1,1,43
8902,375,0,2,2,1,45
14201,690,0,2,1,1,1
16341,460,0,2,2,1,24
9349,276,0,2,2,1,5
703,313,0,2,2,1,14
5951,846,1,2,1,1,26
12364,468,0,1,2,1,9
18364,936,1,2,2,2,2
1,601,1,1,2,2,5
7309,600,0,2,1,1,81
1964,1111,0,2,1,1,1
7415,619,0,1,1,1,9
8584,157,0,2,2,1,13
11885,755,0,2,1,1,3
6393,13,0,2,2,2,1
495,704,1,2,1,1,20
17800,484,0,2,2,1,3
10336,919,0,2,1,1,1
8458,12,1,1,1,1,1
18105,159,0,2,2,1,4
8158,478,0,2,2,1,171
4009,731,0,1,1,1,4
3934,375,0,2,2,1,21
5852,599,0,2,1,1,2
11016,921,2,2,1,1,47
13451,921,1,2,1,1,16
15470,1061,1,2,1,1,11
8078,127,0,2,2,1,2
4561,112,1,2,2,1,3
9558,619,0,1,1,1,1
12189,157,1,1,2,1,3
6148,957,0,5,1,1,2
1320,875,0,2,1,1,1
13966,106,0,4,1,1,1
8577,1042,0,2,1,1,38
11955,242,0,2,2,1,4
13681,226,1,2,2,1,9
191,95,1,2,2,1,6
17962,793,0,1,1,1,28
6970,466,0,2,2,1,27
18372,944,1,2,1,1,1
9075,793,0,2,1,1,2
9179,794,0,1,1,1,3
12184,474,0,2,2,1,10
17101,149,0,2,2,1,52
3855,793,0,1,1,1,59
1035,618,0,1,4,3,4
2026,1054,1,2,1,1,3
11313,1010,1,1,1,1,2
16825,466,0,2,2,1,5
6717,33,1,1,1,1,4
15970,1011,1,1,1,1,4
11118,477,0,2,2,1,4
772,763,1,2,1,1,15
7009,472,0,2,2,1,4
3697,116,0,2,2,1,8
1385,122,0,2,2,1,60
10765,976,1,2,1,1,14
12201,480,0,2,2,1,98
11854,495,0,2,2,1,55
1767,239,0,2,2,1,9
15158,1095,0,2,1,1,1
6857,1113,1,1,1,1,10
2931,805,0,2,1,1,5
14156,491,0,2,2,1,7
15306,887,0,1,1,1,3
13548,738,1,1,2,2,1
10482,704,0,2,1,1,8
14505,148,0,2,2,1,4
12720,1075,1,1,2,1,28
11030,808,0,1,2,1,11
17208,837,1,1,3,2,9
14129,155,0,2,2,1,30
7941,756,0,1,1,1,5
1069,126,0,2,2,1,10
4295,498,0,4,1,1,3
17982,1061,0,2,1,1,8
3835,336,1,2,2,1,2
5306,654,1,5,1,1,2
3778,493,0,2,2,1,4
7829,664,0,1,1,1,2
10941,836,0,1,1,1,4
12747,206,1,2,2,1,2
10059,821,2,1,2,1,15
14783,653,1,1,2,2,18
17595,1,2,1,2,1,44
12692,816,0,1,1,1,1
7313,1020,2,1,1,1,20
6789,450,0,2,2,1,8
8340,255,0,2,2,1,26
5608,470,0,2,2,1,2
17517,475,0,2,2,1,71
12329,644,1,1,2,1,12
15267,461,0,2,2,1,45
10026,879,0,2,1,1,2
2937,613,0,1,2,1,36
7350,821,0,1,5,2,57
2857,155,0,2,1,1,1
17464,124,0,2,2,1,24
14909,1033,2,1,1,1,2
6834,1015,1,1,1,1,5
9299,496,0,2,1,1,1
13088,816,1,1,2,2,4
13079,1023,0,1,2,1,2
17207,126,0,2,2,1,127
10951,468,0,2,2,1,12
13724,846,1,2,1,1,18
2909,834,2,2,1,1,21
4882,296,1,2,2,1,44
15107,713,0,2,1,1,3
9328,726,2,1,1,1,13
499,892,2,1,3,1,50
9780,737,1,2,1,1,4
2100,1042,1,1,2,1,14
14070,977,1,5,1,1,4
5427,1023,0,2,1,1,1
3844,805,0,1,1,1,2
13324,158,0,1,3,1,13
2618,600,2,2,1,1,75
2445,266,1,2,2,1,2
5607,607,0,4,2,2,12
11526,600,2,2,1,1,15
9543,499,0,2,2,1,2
7148,1033,0,1,1,1,6
12840,808,0,1,2,1,13
2501,122,0,2,2,1,43
1478,122,0,2,2,1,64
10959,159,0,2,2,1,12
15844,1030,1,1,1,1,2
15351,525,0,1,3,2,22
16721,744,0,1,1,1,2
10871,976,0,1,2,1,25
8969,126,0,2,2,1,36
5672,1099,0,1,1,1,37
7235,734,0,1,2,1,41
5375,7,1,1,1,1,19
11342,408,1,2,2,1,4
16356,120,1,2,2,1,3
17547,870,0,1,1,1,2
12639,292,0,2,2,1,10
3607,883,1,1,1,1,1
10564,505,0,2,2,1,568
1557,181,0,2,2,1,8
8738,1054,0,4,1,1,1
3278,73,1,1,3,3,5
7097,451,0,2,2,1,53
1730,1110,0,1,1,1,1
10450,488,0,2,2,1,22
17687,931,0,2,1,1,2
4362,183,0,1,3,1,4
10127,1088,1,1,2,2,3
14714,210,0,2,2,1,5
7497,684,0,2,1,1,52
10822,884,2,1,1,1,17
10762,707,0,2,1,1,4
15772,91,0,2,2,1,12
7401,924,0,1,2,2,4
16484,283,0,2,2,1,5
130,7,0,1,1,1,3
6292,834,2,2,1,1,38
9127,1024,0,1,1,1,20
4252,477,0,1,3,1,95
9006,226,1,2,2,1,6
3380,475,0,2,2,1,11
14938,948,0,1,2,2,5
12817,139,0,2,2,1,4
17452,817,0,2,1,1,6
12583,3,0,2,1,1,1
15938,883,1,1,1,1,2
12349,600,2,2,1,1,22
9243,909,1,1,4,4,3
6812,242,0,2,2,1,298
16752,931,0,1,2,1,2
7719,976,2,1,2,1,38
1002,665,1,1,1,1,20
4861,1017,1,1,1,1,1
10442,459,0,2,2,1,4
12396,1107,0,2,1,1,20
421,836,0,1,1,1,15
608,1008,1,2,1,1,16
134,892,2,1,3,1,28
18344,197,0,4,1,1,2
9982,834,1,2,1,1,34
7259,91,0,2,2,1,52
1587,363,1,2,1,1,2
16991,135,0,2,2,1,40
12344,1056,1,1,1,1,2
17807,903,1,1,1,1,6
5845,155,0,2,2,1,22
15860,821,1,1,2,2,66
16312,141,0,2,2,1,8
2765,734,0,2,1,1,9
20,79,0,2,3,3,2
5273,640,1,1,1,1,2
5062,374,0,2,2,1,30
9420,892,0,2,3,1,4
14743,1007,0,1,2,1,9
18101,255,0,2,2,1,85
15418,895,1,1,3,1,36
8278,499,0,2,2,1,290
12498,145,0,2,2,1,3
16505,1075,0,2,1,1,8
18346,445,0,2,2,1,11
10982,108,1,2,2,1,8
5279,548,0,1,1,1,2
2327,936,2,1,1,1,2
9180,798,1,2,1,1,3
7877,506,0,2,2,1,190
10324,65,2,1,4,1,46
17512,466,0,2,2,1,6
5774,208,0,4,1,1,1
14684,710,0,2,1,1,1
3660,823,0,2,1,1,6
18548,278,0,2,2,1,22
3745,465,0,1,4,2,50
17265,1061,2,2,1,1,1
5202,648,0,1,3,2,50
17285,834,2,1,2,1,41
7023,599,2,2,1,1,50
18490,1008,0,2,1,1,17
1087,1107,0,2,1,1,7
15407,1112,0,1,1,1,24
11353,556,1,1,2,2,2
3237,208,0,2,2,1,3
6889,242,0,2,2,1,7
4228,793,0,1,1,1,41
7622,756,2,1,1,1,18
7444,627,0,2,3,2,23
7521,369,0,2,2,1,8
8433,891,0,2,1,1,10
8592,479,0,2,2,1,56
10475,821,0,1,2,1,44
9181,825,1,1,1,1,2
13167,976,2,1,2,1,33
11147,814,0,1,1,1,4
6159,691,0,2,2,2,22
7320,322,0,2,2,1,3
14734,734,2,1,2,1,23
17401,124,0,2,2,1,26
9039,1111,1,1,1,1,5
12530,946,0,1,1,1,102
15487,704,2,1,2,1,2
18533,734,0,1,2,1,5
18064,584,0,1,1,1,3
13570,466,0,2,2,1,19
2781,1109,0,1,1,1,2
16247,498,0,2,2,1,79
13279,1106,1,1,2,2,4
4137,839,0,2,1,1,2
16004,872,0,1,1,1,2
9879,1008,1,2,1,1,13
1664,354,1,2,2,1,2
11939,821,1,2,1,1,14
138,684,0,1,2,1,15
4877,507,0,2,2,1,8
4590,474,0,2,2,1,9
6172,931,0,1,2,1,21
11537,726,1,1,1,1,2
115,264,1,2,2,1,4
17661,704,2,1,2,1,37
3256,7,0,1,1,1,15
4664,846,0,1,2,1,15
17284,836,0,1,1,1,61
8002,118,0,2,2,1,16
11097,474,0,1,3,1,5
5379,1026,1,1,2,2,6
7961,450,0,2,2,1,2
12003,655,1,1,4,1,15
7262,242,0,2,2,1,189
13002,734,1,1,3,2,11
3960,91,0,2,2,1,152
455,124,0,2,2,1,8
7759,465,0,2,2,1,83
11493,135,1,1,4,2,27
3225,1033,1,1,1,1,20
4008,845,0,2,1,1,21
13425,1100,2,1,2,1,197
3155,181,0,2,2,1,33
3762,875,0,1,1,1,6
17340,577,0,1,1,1,4
11188,895,2,1,4,1,191
8529,1061,1,2,1,1,5
10738,359,0,2,2,1,4
1847,477,0,2,2,1,119
125,793,0,1,1,1,36
4987,805,0,1,1,1,5
11307,798,2,2,1,1,16
11956,122,0,2,2,1,6
18174,1053,0,1,2,1,3
7678,133,0,2,2,1,6
13083,163,0,1,2,1,2
15781,627,0,2,3,2,6
7582,600,0,2,1,1,36
9428,713,1,1,1,1,4
3691,1055,0,1,2,1,42
14151,1052,1,1,2,1,34
4452,888,0,1,1,1,2
12380,793,0,2,1,1,23
10915,255,0,2,2,1,12
4370,252,1,1,1,1,2
6665,4,1,1,1,1,2
10656,282,1,2,1,1,2
6522,893,1,1,3,1,27
18135,1052,0,1,2,1,44
6177,292,0,2,2,1,11
6407,643,2,1,2,1,12
11648,744,1,1,2,2,5
5923,831,1,1,1,1,14
4250,962,2,1,2,1,31
16364,609,1,4,2,2,15
9711,570,1,1,1,1,3
12824,646,1,1,2,2,6
8678,619,1,1,1,1,3
11589,1100,2,1,2,1,226
16834,808,0,1,2,1,3
2896,1053,0,2,1,1,1
13857,461,0,2,2,1,36
3385,179,0,2,2,1,12
16313,244,0,2,2,1,68
15331,1100,2,1,2,1,32
2058,1051,0,4,1,1,2
12143,102,0,2,2,1,369
5212,467,0,2,2,1,21
10937,599,1,2,1,1,8
13642,1100,2,1,2,1,145
15959,990,1,1,1,1,5
12594,400,1,2,2,1,5
18142,763,0,1,2,1,8
3737,1052,0,1,2,2,7
13785,442,1,2,2,1,4
9574,931,0,1,2,1,6
7988,460,0,4,1,1,2
5270,489,0,2,2,1,14
4403,834,1,2,1,1,9
13804,63,0,2,1,1,1
4247,484,0,2,2,1,2
16455,1031,0,1,1,1,13
7281,396,0,1,2,1,2
2831,380,0,2,2,1,11
17143,1052,1,2,1,1,10
12586,469,0,2,2,1,46
9208,1075,1,2,1,1,27
15673,771,1,1,2,1,58
5559,1010,0,1,1,1,49
920,288,0,2,2,1,3
17381,600,0,2,1,1,38
11805,157,0,2,2,1,18
17441,793,0,2,1,1,12
3027,95,0,2,2,1,11
13250,522,0,1,3,2,9
14375,284,0,1,2,1,2
15672,1050,0,2,1,1,52
893,1019,0,1,2,1,59
17994,471,0,2,2,1,211
13826,95,0,4,1,1,3
7409,1010,1,1,1,1,6
11529,375,0,2,2,1,16
4149,834,0,1,2,1,21
1834,126,0,2,2,1,32
16173,167,0,1,2,1,3
4269,374,0,2,2,1,6
14488,704,1,1,2,1,8
6249,466,0,2,2,1,6
2577,1052,0,1,2,1,9
3631,526,0,2,2,1,8
16514,1009,0,5,1,1,1
8504,124,0,1,3,1,16
7807,834,1,2,1,1,30
1014,118,0,1,3,1,29
5668,490,0,4,1,1,1
12359,108,0,2,2,1,4
6992,742,0,1,3,2,374
2741,1016,2,1,1,1,11
7765,509,0,2,2,1,18
6205,938,1,1,1,1,6
6152,837,1,1,2,2,4
9571,518,0,2,2,1,24
4611,135,0,2,2,1,51
7952,102,0,1,2,1,3
1137,881,1,1,1,1,1
12579,472,0,4,1,1,1
15241,189,1,2,3,2,3
8937,1109,1,1,1,1,6
18367,648,0,4,1,1,1
2802,484,0,2,2,1,8
17417,243,0,2,2,1,251
2377,734,0,1,2,1,7
17423,228,0,2,2,1,10
12229,704,0,2,1,1,2
10200,925,0,1,1,1,13
4921,244,0,2,2,1,73
2946,923,0,1,1,1,2
12711,451,0,2,2,1,34
7705,810,2,2,1,1,2
5148,613,1,1,3,1,18
2309,292,0,2,2,1,18
11057,386,0,4,1,1,2
14413,147,0,4,1,1,1
3034,122,0,2,2,1,12
6632,116,0,4,1,1,2
6016,707,0,2,2,2,9
17255,100,0,2,2,1,5
5090,382,0,4,1,1,3
16332,124,0,2,2,1,25
12531,401,0,4,1,1,1
12924,734,0,1,3,2,5
12197,166,1,2,2,1,2
3963,619,0,1,1,1,8
17858,495,0,2,2,1,421
5525,961,0,4,1,1,4
4769,646,1,1,1,1,2
11080,497,0,2,2,1,12
11532,846,1,2,1,1,7
10105,976,2,2,1,1,11
2449,806,0,1,1,1,8
18120,1018,0,2,1,1,2
5434,884,0,1,1,1,1
15104,599,0,2,1,1,4
16299,704,2,1,2,1,33
487,1010,0,1,1,1,67
11033,91,0,2,2,1,253
2836,673,0,1,1,1,10
7203,1042,1,1,2,1,10
7523,292,0,2,2,1,19
8661,996,1,2,1,1,4
5928,1008,2,1,2,1,17
8945,1067,1,1,1,1,4
7388,600,0,2,1,1,17
12077,810,0,1,3,2,30
3867,798,2,2,1,1,30
23,257,0,2,2,1,6
4409,700,1,1,1,1,1
12930,300,1,2,2,1,6
13762,894,0,1,3,1,179
1636,491,0,2,2,1,12
10747,695,0,1,1,1,2
474,118,0,2,2,1,10
10366,846,0,2,1,1,14
8445,971,0,1,1,1,1
7342,324,0,2,2,1,8
12544,17,1,1,1,1,1
4199,280,1,2,3,2,9
13634,587,0,1,1,1,2
10972,826,1,1,2,2,9
15867,1075,1,2,1,1,17
8743,91,1,2,2,1,12
5100,1050,2,1,2,2,49
6527,752,1,1,1,1,1
296,1086,2,2,1,1,37
7081,809,0,1,2,1,7
11642,504,0,2,2,1,16
14994,1029,0,2,1,1,1
59,602,0,1,1,1,4
9268,465,0,2,2,1,27
11039,737,0,2,1,1,2
17665,13,0,4,2,1,2
15512,12,0,4,1,1,3
13664,1079,0,1,2,2,6
13472,661,0,2,2,2,3
5925,484,0,2,2,1,21
7907,1082,0,2,1,1,1
16055,371,0,2,2,1,16
3336,102,0,2,2,1,22
16414,179,1,1,1,1,2
6047,445,1,2,2,1,4
12311,921,1,2,1,1,11
10201,878,0,1,1,1,4
15393,312,0,2,2,1,12
8716,100,1,1,1,1,1
438,684,2,2,1,1,50
3268,834,1,2,1,1,21
7400,886,0,1,2,2,4
5520,494,0,4,1,1,8
7062,881,0,1,2,2,4
16163,619,0,1,1,1,294
11755,814,0,4,1,1,2
9083,474,0,2,2,1,5
5811,481,0,2,2,1,105
4668,305,0,1,1,1,2
357,894,0,1,3,1,86
1586,1107,0,1,2,1,58
8670,696,1,1,1,1,9
6181,373,0,2,2,1,60
15333,205,0,4,1,1,4
10644,498,0,2,2,1,94
6915,252,0,1,3,1,4
8662,1030,1,1,1,1,7
1782,1086,2,2,1,1,43
2998,1086,1,2,1,1,5
14007,124,0,2,2,1,14
44,451,0,2,2,1,56
5693,1019,2,2,1,1,41
1732,810,2,1,3,2,46
2867,816,0,2,1,1,1
1296,846,2,2,1,1,18
18406,810,0,1,2,1,11
3883,810,0,1,2,2,9
4440,1107,0,1,2,1,143
17217,469,0,2,2,1,110
12917,297,0,2,2,1,4
15400,102,1,2,1,1,4
15147,810,0,1,2,1,25
6467,1035,1,4,1,1,1
13894,627,1,2,3,2,12
7942,280,0,2,2,1,8
10977,1017,0,1,1,1,2
10725,320,0,1,3,1,4
12826,943,0,1,1,1,6
7968,471,0,2,2,1,10
10559,13,1,1,2,2,4
4771,506,0,2,2,1,161
15679,1059,0,1,1,1,2
6090,149,0,2,2,1,10
3289,831,1,1,1,1,3
8206,1109,0,1,1,1,1
9034,902,0,4,1,1,1
1802,763,1,2,1,1,3
9323,802,1,4,1,1,24
5217,475,0,2,2,1,44
15224,600,2,2,1,1,66
15116,976,0,2,1,1,12
17990,396,0,4,1,1,4
12452,894,0,2,1,1,2
11663,16,0,1,1,1,4
18281,181,0,2,2,1,14
1946,1033,1,1,1,1,3
1999,600,0,2,1,1,20
12420,691,1,2,2,2,6
16293,409,0,2,2,1,3
3112,1006,0,2,1,1,6
7017,1018,1,2,1,1,5
4483,270,0,2,2,1,9
4460,1030,0,2,1,1,4
3253,878,0,2,1,1,2
1118,241,0,2,2,1,4
4291,114,1,1,1,1,2
6331,619,0,2,1,1,2
9297,283,0,2,2,1,5
6654,768,0,1,1,1,2
11243,696,0,2,1,1,8
7143,990,0,1,1,1,6
17753,704,1,2,1,1,9
11382,998,1,1,1,1,2
16057,831,1,1,1,1,7
4531,660,0,1,1,1,1
7630,114,1,2,2,1,9
9922,1042,0,2,1,1,62
4614,899,0,1,3,1,10
2466,242,0,4,1,1,2
14383,523,0,1,3,1,25
17781,478,0,2,2,1,26
7997,906,1,1,1,1,2
17366,1066,0,1,3,3,4
13380,400,1,2,2,1,2
14349,507,0,2,2,1,65
15563,995,2,1,2,1,28
10599,604,1,1,1,1,6
16556,206,1,1,2,1,3
4419,945,1,4,1,1,2
10653,802,1,1,3,3,13
8605,466,0,2,2,1,22
15425,1033,0,1,1,1,3
60,931,0,1,2,1,8
588,921,2,1,2,1,20
5088,522,0,2,2,1,9
13186,7,0,1,1,1,29
12476,248,0,1,3,1,4
4140,600,0,1,2,1,80
11765,821,1,1,3,2,20
7947,687,1,1,1,1,2
7984,752,0,1,2,2,3
10409,1015,0,1,1,1,2
15880,9,0,1,2,1,2
3756,853,1,1,1,1,3
18072,788,1,1,2,2,2
10520,1019,2,1,2,1,53
15756,1080,1,2,2,2,1
4106,724,2,1,1,1,24
6932,1014,0,1,2,2,5
14955,292,0,2,2,1,9
12088,684,2,2,1,1,45
7590,49,0,1,2,2,2
7773,496,0,2,2,1,60
4858,892,2,1,4,1,18
550,1031,0,1,1,1,13
7044,460,0,4,1,1,4
2686,274,0,1,3,1,10
13965,794,0,1,2,2,6
6204,508,0,2,2,1,28
3173,734,2,1,2,1,47
5387,821,2,1,3,2,40
5731,1019,0,2,1,1,5
279,400,0,4,1,1,1
14032,102,0,2,2,1,130
5268,584,0,2,1,1,13
12145,645,2,1,4,1,12
5991,931,0,1,2,1,4
14861,171,1,2,2,1,10
3446,100,0,2,2,1,27
12788,803,0,1,1,1,5
18136,114,1,2,2,1,7
8238,314,0,2,2,1,9
2845,962,2,2,1,1,19
6302,501,0,2,2,1,6
18405,837,1,1,2,2,4
10089,845,2,1,2,1,19
1865,763,1,2,1,1,39
14870,242,0,2,2,1,257
3291,734,2,1,2,1,170
6806,684,0,1,2,1,49
8888,419,1,2,2,1,4
3950,484,0,4,1,1,2
14916,998,1,1,1,1,4
12957,95,0,2,2,1,14
812,1024,0,1,1,1,678
12866,726,0,2,1,1,1
1040,122,0,2,2,1,2
6382,442,0,4,1,1,1
12195,252,0,4,1,1,4
5303,1061,1,2,1,1,33
12744,57,2,1,1,1,9
3695,1067,1,1,1,1,3
2942,485,0,2,2,1,14
8667,760,1,2,1,1,1
1764,345,0,2,2,1,7
6828,504,0,2,2,1,9
1030,692,1,2,1,1,5
13359,845,1,1,2,1,78
10251,282,0,2,2,1,13
5598,175,1,2,1,1,2
2774,1008,1,2,1,1,8
4278,653,1,1,2,1,14
8956,893,0,1,8,1,487
16458,278,0,2,2,1,6
7103,79,1,1,3,2,3
6405,938,0,2,1,1,8
4989,794,0,1,3,3,3
13607,459,0,4,1,1,3
7637,974,2,1,1,1,38
10317,478,0,2,2,1,3
14236,854,1,1,1,1,6
11937,139,0,2,2,1,38
5253,1056,1,1,2,2,9
957,921,0,2,1,1,5
2138,509,0,2,2,1,18
2137,600,2,2,1,1,32
17548,471,0,2,2,1,217
11156,79,1,1,4,3,14
507,895,0,4,3,1,6
9593,497,0,2,2,1,8
1977,184,0,2,2,1,2
18467,548,1,1,1,1,1
6443,995,1,1,2,1,48
8512,1058,1,1,1,1,5
16490,133,0,1,3,1,5
2594,1098,2,1,1,1,1
15555,1010,0,2,1,1,11
12013,484,0,2,2,1,9
7575,963,0,1,1,1,5
4425,126,0,2,3,2,30
11319,643,0,4,1,1,1
3375,100,0,2,2,1,15
8907,505,0,2,2,1,275
8021,619,2,1,1,1,1155
9586,890,0,4,1,1,1
14831,504,0,2,2,1,6
15659,477,0,2,2,1,151
10953,504,0,2,2,1,2
12528,627,0,2,2,2,3
4979,1110,1,1,2,2,1
8917,808,0,1,2,1,6
17156,1042,0,2,1,1,52
12643,365,0,4,1,1,6
4442,491,0,2,1,1,1
11227,506,0,2,2,1,5
7800,290,0,2,2,1,5
112,963,0,2,1,1,1
6734,666,1,1,1,1,1
16755,475,0,2,2,1,6
11631,878,0,2,1,1,6
18126,1061,1,2,1,1,9
12385,1100,2,1,2,1,57
16345,613,1,1,3,1,26
10249,810,2,1,3,2,27
6810,255,0,2,2,1,5
1355,494,0,2,2,1,370
1048,996,1,2,1,1,3
323,763,1,2,1,1,12
11802,480,0,2,2,1,110
17016,891,0,2,1,1,4
3731,795,0,2,1,1,193
14354,446,1,2,2,1,4
13672,1095,1,1,2,2,5
6547,834,2,1,2,2,44
2695,909,0,2,2,2,6
16033,338,1,1,2,1,4
4305,91,0,2,2,1,373
9177,126,0,2,2,1,50
178,939,0,1,1,1,1
14884,13,1,1,2,2,6
4126,653,2,2,1,1,72
13373,760,1,1,1,1,3
16815,459,0,1,3,1,4
3917,661,0,2,1,1,1
1405,126,0,2,2,1,31
7558,684,2,1,2,1,96
5628,369,0,4,1,1,6
727,118,0,2,2,1,45
4218,618,1,1,2,2,3
206,805,0,1,1,1,3
8148,1,1,1,2,1,26
4650,95,0,2,2,1,8
12671,931,0,2,1,1,1
10931,763,1,1,2,1,9
3073,1121,1,1,1,1,2
6076,613,2,1,2,1,22
8407,153,0,4,1,1,1
9344,942,0,4,1,1,4
6886,562,0,2,1,1,6
14423,704,2,1,2,1,50
17880,521,0,2,2,1,22
4384,118,1,2,2,1,2
12294,641,2,1,2,1,56
2038,324,0,2,2,1,9
5291,803,0,2,1,1,3
4263,966,0,2,1,1,2
4731,834,0,1,2,1,12
6211,1100,2,1,2,1,63
7717,471,0,2,2,1,12
3221,5,0,4,1,1,2
1455,734,0,1,3,2,18
14433,1007,1,1,2,1,58
7153,638,0,1,2,1,41
3611,995,2,1,2,1,19
15751,964,0,2,1,1,4
16740,584,0,1,1,1,14
5556,821,1,1,2,1,16
1412,300,1,2,2,1,4
11606,853,1,1,1,1,3
5308,522,0,2,2,1,6
15272,1051,0,1,1,1,2
1899,1115,0,1,2,2,29
1555,1063,0,1,1,1,6
6641,373,0,2,2,1,139
12804,104,0,1,1,1,2
14088,836,0,2,1,1,1
17220,646,2,1,2,2,10
12907,300,1,2,2,1,2
17741,614,0,2,1,1,1
1120,1115,0,1,1,1,8
1425,944,0,2,1,1,1
902,763,1,2,1,1,5
6093,812,0,2,1,1,28
3742,960,1,1,6,5,42
3527,288,1,2,2,1,2
6470,892,0,2,3,1,10
1248,648,2,1,4,4,11
4122,565,2,1,2,1,26
17824,495,0,2,2,1,26
11940,311,1,4,1,1,3
8069,500,0,2,2,1,8
10782,727,0,1,1,1,4
17733,239,1,1,2,1,5
3612,488,0,2,2,1,53
4147,704,0,2,1,1,13
1351,103,0,2,2,1,29
11657,184,0,1,3,1,3
9091,821,0,2,1,1,49
1215,547,0,1,1,1,6
14496,161,0,2,2,1,9
12951,830,2,1,1,1,20
5385,244,0,2,2,1,65
15162,1045,1,1,1,1,2
8159,1017,1,1,1,1,22
2097,745,2,1,3,3,23
2235,584,0,1,1,1,5
11778,1107,2,1,2,1,104
4281,478,0,2,2,1,2
12950,826,0,2,1,1,2
12763,124,0,2,2,1,10
12047,324,1,2,2,1,9
9331,165,0,1,3,1,4
11299,584,0,2,1,1,4
4905,126,0,2,2,1,22
13854,367,0,1,1,1,2
2493,444,0,2,2,1,4
10609,714,0,1,2,2,13
6455,1112,0,1,1,1,4
256,1033,0,4,1,1,2
6253,1007,0,2,1,1,12
6311,705,2,1,1,1,12
5258,476,0,2,2,1,106
16223,226,0,2,2,1,16
15045,1099,1,1,1,1,7
16894,644,1,1,2,1,4
4353,150,0,2,2,1,9
8631,489,0,2,2,1,55
2450,894,0,1,3,1,34
7468,754,1,1,1,1,4
10362,251,0,4,1,1,1
7399,159,1,2,2,1,6
16109,358,0,4,1,1,4
9510,845,1,2,1,1,12
10861,141,0,4,1,1,10
10666,1018,0,1,2,1,14
16993,734,0,1,2,2,26
83,149,0,2,2,1,6
7045,524,0,2,2,1,3
9434,126,0,2,2,1,40
6235,638,0,1,2,1,410
15361,485,0,2,2,1,34
3981,404,1,1,1,1,2
3662,272,0,2,2,1,3
16614,778,0,2,1,1,3
10376,1107,2,1,2,1,95
3271,976,1,2,1,1,12
2975,978,0,1,2,2,1
75,481,0,2,2,1,89
2341,549,1,1,1,1,1
8385,894,1,2,3,1,3
8929,834,0,1,2,1,30
1499,398,0,4,1,1,4
12154,500,0,2,2,1,12
16805,1105,0,1,1,1,3
2637,950,0,1,1,1,2
18394,595,1,1,1,1,2
11670,995,2,1,2,1,16
17860,1112,0,1,1,1,1
12290,116,0,2,2,1,10
15957,485,0,2,2,1,4
355,846,0,1,2,1,16
11566,484,0,2,2,1,15
7797,1062,1,2,1,1,2
12906,337,1,2,2,1,3
17511,9,0,2,1,1,4
14447,1109,0,2,1,1,1
9247,181,0,2,2,1,6
10280,388,1,1,3,2,10
11978,381,0,2,2,1,6
18054,296,1,2,2,1,8
14034,707,0,2,2,2,11
17160,124,0,2,2,1,8
17058,9,0,1,2,2,8
8421,270,0,2,2,1,6
8634,467,0,2,2,1,7
3318,270,0,2,2,1,2
18379,691,0,2,3,2,26
2159,693,0,1,1,1,2
16228,363,0,2,2,1,7
14181,645,0,1,2,1,2
5436,763,0,1,2,1,15
17152,818,1,1,1,1,2
17566,892,0,1,3,1,8
1463,188,0,1,3,1,4
11487,92,0,2,2,1,10
3076,380,0,2,2,1,22
16229,738,1,1,1,1,2
2229,166,0,4,1,1,3
9007,1107,1,1,2,1,18
3059,200,0,1,2,1,4
10976,479,0,4,1,1,1
3129,1067,1,1,1,1,16
7955,707,1,1,2,1,6
11083,149,0,2,2,1,18
18317,172,0,4,1,1,3
17892,228,1,2,2,1,6
16527,122,0,2,2,1,30
12631,47,0,3,2,1,9
4582,802,0,1,6,5,20
8086,292,1,2,2,1,10
18248,475,0,2,2,1,46
16554,990,1,1,1,1,1
8167,325,1,2,2,1,20
2012,477,0,2,1,1,4
858,1083,0,1,1,1,2
2531,1088,0,3,1,1,1
17923,865,2,1,1,1,22
5426,16,1,4,1,1,2
8975,894,0,1,3,1,31
4030,186,0,1,2,1,5
437,655,0,1,1,1,2
6766,726,2,1,2,1,13
3097,821,2,1,2,1,5
10329,1019,0,1,2,1,19
1378,707,0,2,1,1,10
1517,426,0,2,2,1,7
5430,124,0,1,4,2,22
8687,459,0,2,2,1,4
13000,793,0,2,1,1,44
5862,491,0,2,2,1,8
5982,806,0,1,4,3,15
6683,120,0,4,1,1,2
6518,260,0,1,3,1,4
12191,714,1,1,1,1,1
12877,881,1,1,2,2,10
6384,1088,1,1,1,1,2
850,704,0,1,2,1,30
12827,286,1,2,2,1,3
7190,468,0,2,2,1,14
5156,977,0,5,1,1,8
2506,846,1,2,1,1,7
15746,152,0,1,3,1,3
3804,193,0,2,2,1,28
4171,466,0,2,2,1,39
14659,744,0,1,2,2,8
16958,369,1,2,2,1,12
2352,476,0,1,1,1,1
4324,810,0,1,2,1,100
7477,962,2,1,2,1,35
10981,1026,0,1,1,1,2
11286,1008,0,2,1,1,7
5720,906,0,4,1,1,1
11659,1075,1,2,1,1,22
6107,311,0,4,1,1,1
1395,963,0,1,1,1,16
18472,413,1,2,2,1,5
14230,995,1,1,2,1,10
406,13,2,1,6,5,11
5726,1046,2,1,3,3,12
12338,684,2,1,2,1,165
7414,640,1,1,1,1,2
6070,744,0,2,2,2,1
5079,763,1,2,1,1,37
5193,798,0,1,2,1,22
4924,95,0,2,2,1,5
14396,242,0,2,2,1,22
14946,839,1,1,1,1,2
15124,1107,1,2,1,1,5
11607,582,0,1,1,1,3
3442,809,0,1,2,1,5
7612,496,0,2,2,1,200
9712,269,0,2,2,1,4
7218,369,1,2,1,1,6
4629,1018,0,1,2,1,3
14081,427,0,2,2,1,13
14494,987,0,1,1,1,2
6545,802,0,1,3,3,3
17583,479,0,2,2,1,18
14829,122,0,2,2,1,39
18314,1067,1,1,1,1,5
1203,472,0,1,3,2,19
3713,972,1,1,1,1,2
9926,91,0,2,2,1,143
7665,1063,0,4,1,1,3
16788,141,0,2,2,1,4
1817,466,0,2,2,1,4
8763,948,1,1,3,2,8
16357,155,0,2,2,1,13
2892,120,1,2,2,1,2
18044,600,0,2,1,1,34
18357,707,0,2,2,2,5
9188,644,0,1,2,1,542
11325,649,1,1,1,1,2
17258,445,0,2,2,1,6
11297,603,0,1,1,1,13
9818,189,0,4,1,1,3
16781,1014,1,1,2,2,7
12318,1000,0,2,1,1,3
3331,100,0,2,2,1,7
5269,124,0,2,2,1,21
755,122,0,2,2,1,23
1309,1117,1,1,1,1,2
13229,1033,1,1,1,1,5
8916,309,1,2,2,1,2
4279,1018,0,1,2,1,12
16931,7,2,1,1,1,164
12973,270,0,2,2,1,3
16533,684,0,1,2,1,5
8040,675,1,1,1,1,1
12444,314,0,2,2,1,6
3800,600,0,2,1,1,32
4727,418,1,2,2,1,4
16347,831,0,2,1,1,1
4239,972,2,1,1,1,46
6383,798,2,2,1,1,113
18256,821,0,2,1,1,17
10477,1022,1,1,1,1,1
16798,450,0,2,2,1,10
8214,221,1,1,4,2,13
15329,957,0,1,2,2,5
9207,447,0,2,2,1,8
543,798,2,2,1,1,18
5807,135,0,2,2,1,54
14159,300,0,4,1,1,2
4208,466,0,2,2,1,18
2908,468,0,2,2,1,24
11899,1034,0,1,1,1,9
16061,302,0,1,3,1,4
8416,505,0,2,2,1,202
12911,244,0,2,2,1,35
8773,641,1,1,2,1,23
2151,305,0,2,2,1,3
5674,570,0,1,1,1,1
16412,242,0,2,2,1,217
2266,704,1,1,3,2,88
17214,93,0,2,2,1,8
5365,128,0,2,2,1,6
7419,494,0,2,2,1,346
12608,429,1,1,1,1,2
15906,637,0,1,1,1,8
8479,522,0,2,2,1,6
12787,283,1,2,2,1,6
3794,1047,0,1,1,1,2
9321,480,0,2,2,1,130
17461,745,1,1,2,2,3
6091,476,0,2,2,1,179
17352,897,0,2,2,1,2
1241,846,2,2,1,1,13
17614,738,2,1,4,2,36
7786,382,0,2,2,1,3
16593,1024,0,1,1,1,24
10497,724,1,1,1,1,4
16678,204,0,1,3,2,6
9176,756,0,4,1,1,2
18332,477,0,2,2,1,46
13600,1106,0,1,1,1,60
17467,339,0,2,2,1,4
11130,1026,0,1,2,2,8
132,1042,0,2,1,1,20
17348,692,1,1,1,1,38
9292,181,0,4,1,1,1
13105,846,2,2,1,1,50
845,995,2,1,2,1,95
7231,72,0,2,1,1,1
3802,409,1,2,2,1,13
7442,268,0,2,2,1,6
3496,481,1,2,2,1,89
14382,763,2,2,1,1,14
2816,469,0,2,2,1,104
5153,475,0,2,2,1,24
12218,266,0,2,2,1,9
2580,1026,0,4,1,1,2
7135,474,0,1,3,1,12
12741,13,1,4,2,2,2
17713,744,1,1,4,3,9
14591,760,0,2,1,1,8
10190,466,0,2,2,1,12
12860,22,1,1,1,1,3
18313,821,1,1,3,2,86
17323,745,1,1,3,2,3
787,897,2,1,4,1,6
3216,793,0,1,1,1,48
14340,355,0,4,1,1,1
18019,834,0,2,1,1,84
11291,1026,2,1,2,2,17
3064,102,0,1,3,1,6
6619,124,0,2,2,1,25
26,238,0,4,1,1,1
4970,794,0,1,2,2,14
14999,157,0,2,2,1,16
1947,1100,2,1,2,1,174
14686,30,2,1,3,2,22
16203,699,0,2,1,1,1
1103,896,0,2,3,1,6
11404,1042,2,2,1,1,60
12266,734,1,1,3,2,13
1770,1063,1,1,1,1,1
8425,1051,0,2,1,1,3
18397,603,0,2,1,1,1
17437,122,0,2,2,1,30
327,488,0,2,2,1,42
12649,434,1,2,2,1,16
15097,837,1,2,2,2,2
17506,875,1,1,1,1,2
7070,925,0,1,1,1,169
7087,74,0,2,2,2,4
8216,181,0,4,1,1,1
4350,704,0,2,1,1,3
16206,738,1,1,1,1,6
14908,600,0,1,2,1,8
8805,153,1,2,2,1,3
5803,763,2,2,1,1,52
7568,1042,0,1,2,1,70
8202,1049,1,1,1,1,8
18027,242,0,2,2,1,92
4084,1024,0,1,1,1,26
13745,897,1,1,4,1,12
9245,1072,0,1,1,1,4
248,122,0,2,2,1,26
16080,326,0,4,1,1,1
15768,944,0,1,1,1,4
1312,505,0,2,2,1,304
5277,414,1,2,2,1,5
15091,460,1,2,2,1,14
12716,460,1,2,2,1,30
8348,756,0,1,1,1,3
204,505,0,2,2,1,220
13791,518,0,2,2,1,91
10990,834,2,1,2,2,16
5637,798,2,2,1,1,23
15068,478,0,2,2,1,4
486,821,0,1,2,1,22
12348,471,0,2,1,1,2
13992,298,1,2,2,1,66
13389,33,0,1,1,1,1
13764,126,0,2,2,1,22
12513,972,1,4,3,2,10
13333,735,0,2,1,1,2
9705,126,0,2,2,1,22
9798,734,0,1,2,1,12
8038,76,1,1,1,1,2
6650,318,0,2,2,1,7
3533,902,0,1,4,3,9
7781,893,2,1,3,1,15
4151,1008,0,2,1,1,2
731,118,0,1,3,1,30
15330,782,0,1,1,1,6
13274,957,0,1,1,1,28
12411,1095,1,4,1,1,4
13338,856,1,2,2,2,4
2735,760,0,1,2,2,3
263,1107,2,1,3,2,71
12228,808,0,1,2,1,17
1479,602,0,2,1,1,5
7323,135,0,2,2,1,28
4670,1063,0,1,1,1,19
583,639,1,1,1,1,1
3978,836,0,2,1,1,2
16563,885,0,2,1,1,4
8559,846,1,2,1,1,10
15847,439,0,1,1,1,1
7331,584,0,1,1,1,7
3098,793,0,1,1,1,75
8188,371,0,2,2,1,45
3243,696,1,1,1,1,5
13261,198,0,4,1,1,1
15982,485,0,2,2,1,31
14611,777,2,2,1,1,15
5018,627,1,2,3,2,9
1937,128,0,2,2,1,4
3992,378,0,1,3,1,9
9155,808,0,1,2,1,9
12913,897,0,1,4,1,7
9733,1075,2,1,3,2,13
12803,846,1,1,2,1,14
18480,485,0,2,2,1,30
873,655,1,1,3,1,14
11392,270,0,2,2,1,29
3455,662,1,1,1,1,8
13953,92,0,2,2,1,558
11600,651,1,1,1,1,1
15146,806,0,4,1,1,4
6548,17,0,2,1,1,1
17857,504,0,1,3,2,67
6052,193,0,2,2,1,29
5795,244,0,2,2,1,55
4354,480,0,2,2,1,29
6286,325,0,1,1,1,2
15971,126,0,2,2,1,14
7145,466,0,2,2,1,28
11716,311,0,2,2,1,5
409,808,0,1,2,1,5
3208,797,1,1,1,1,2
17444,348,0,4,1,1,2
17446,4,1,1,1,1,2
18222,613,2,1,2,1,22
11707,641,1,1,2,1,32
11580,948,0,1,2,2,6
8615,474,0,2,2,1,20
7818,1010,0,1,1,1,3
8617,821,0,1,2,1,57
15903,465,0,2,2,1,14
17094,334,0,4,1,1,2
11690,696,1,1,1,1,42
975,836,0,2,1,1,5
14266,320,0,1,2,2,3
1579,793,0,1,1,1,310
5601,318,0,1,3,1,8
4700,962,2,2,1,1,8
818,821,0,2,1,1,6
8241,163,1,1,1,1,2
13065,1018,0,1,2,1,16
8858,1058,1,1,1,1,2
7831,921,1,1,2,1,23
8574,378,0,4,1,1,4
14226,466,0,2,2,1,38
8013,479,0,2,2,1,16
4371,298,1,2,2,1,3
17637,547,1,1,1,1,1
14845,106,0,1,2,1,2
6592,89,0,2,2,1,3
10322,124,0,2,2,1,8
8284,763,1,2,1,1,29
1373,962,2,1,2,1,36
3481,806,0,1,1,1,1
6982,1112,0,4,1,1,1
9417,518,0,2,2,1,32
8471,196,0,2,2,1,2
11061,1024,0,1,1,1,6
2899,494,0,2,2,1,271
12697,708,0,1,1,1,3
221,704,0,1,2,1,32
10235,190,0,1,3,2,10
403,899,0,1,3,1,25
7966,177,1,2,2,1,4
15118,603,1,1,1,1,4
12635,925,0,1,1,1,11
247,845,2,2,1,1,8
1855,662,1,1,1,1,42
1094,448,0,2,2,1,7
4853,851,0,2,1,1,6
13957,603,0,1,2,2,27
17250,1097,0,1,1,1,3
350,1024,0,1,1,1,5
10024,91,0,2,2,1,346
13875,460,0,4,1,1,4
1576,95,0,2,2,1,34
12276,1008,1,2,1,1,18
4846,849,0,1,1,1,1
12179,700,1,1,1,1,4
4118,1075,2,2,1,1,19
5854,124,0,2,2,1,26
17399,479,0,2,2,1,71
2135,867,2,1,1,1,25
6312,488,0,2,2,1,29
8578,169,1,2,2,1,4
1223,314,1,2,3,2,4
8168,1102,0,1,1,1,4
10333,740,0,1,1,1,2
8970,89,1,2,2,1,3
17485,282,0,1,2,1,3
7425,124,0,2,2,1,18
11660,615,0,2,1,1,1
9853,1025,0,1,1,1,10
290,892,2,1,3,1,31
906,1120,0,1,1,1,15
3022,497,0,2,2,1,930
4873,378,0,2,2,1,7
11414,380,0,2,2,1,28
90,1111,1,1,1,1,1
5673,798,0,1,2,1,52
1090,246,1,2,2,1,2
18462,15,0,1,1,1,3
4931,441,1,4,1,1,1
17334,124,0,2,2,1,25
17559,353,1,1,3,1,5
16611,1049,0,1,1,1,9
10874,995,2,1,2,1,51
17495,995,2,1,2,1,475
2815,459,0,2,2,1,7
9685,600,2,1,3,2,64
954,618,0,1,2,2,3
13786,615,0,1,2,2,48
18503,123,0,2,2,1,26
6330,460,1,2,2,1,20
14703,693,1,1,1,1,4
9454,157,0,2,2,1,14
2947,505,0,2,2,1,143
17662,322,1,2,2,1,3
9736,950,0,1,1,1,1
5728,734,0,1,2,1,27
5063,826,1,4,3,2,12
6113,805,0,1,2,2,6
11961,734,0,1,5,2,93
11270,416,0,2,2,1,9
17431,655,0,1,1,1,1
7076,1026,0,1,2,2,5
17504,311,0,1,3,1,9
14676,735,0,1,1,1,3
8633,774,2,2,1,1,76
9195,899,1,1,2,1,2
14787,932,0,2,1,1,1
12063,9,0,2,1,1,3
1513,613,2,1,3,1,35
12264,942,0,1,2,2,5
1116,470,0,1,2,1,20
14330,256,0,2,2,1,6
3175,400,0,2,2,1,6
15283,950,1,1,1,1,7
5010,520,0,2,2,1,36
12502,995,2,1,2,1,19
11258,380,0,2,2,1,22
17996,814,0,2,1,1,3
8926,600,0,2,1,1,38
7454,210,0,2,2,1,6
11190,459,0,2,2,1,10
12903,472,0,1,4,2,24
16050,472,0,2,2,1,4
11373,175,1,2,2,1,5
12112,1019,0,2,1,1,6
10774,89,1,2,2,1,4
8879,155,0,2,2,1,29
3167,856,1,1,2,2,4
8294,1107,0,1,2,1,3
2546,901,0,1,1,1,1
12953,704,0,2,1,1,9
11844,503,0,1,2,1,3
10729,976,2,2,1,1,14
4946,215,1,1,1,1,2
16620,744,1,1,1,1,3
13537,938,0,1,1,1,4
6168,924,0,1,3,3,4
14026,172,1,2,2,1,4
10698,607,0,1,3,3,9
5378,292,0,4,1,1,1
5,460,0,2,2,1,17
14891,541,1,1,2,1,2
6981,86,2,1,3,2,4
1724,534,0,5,1,1,4
1657,496,0,2,2,1,366
8582,807,1,4,1,1,1
1540,1084,1,1,1,1,4
5901,1054,0,1,1,1,2
4475,365,1,2,2,1,4
3258,989,2,1,1,1,12
12926,648,2,1,3,3,38
10488,124,0,2,2,1,20
2398,126,0,2,2,1,19
13671,529,0,2,2,1,2
7870,298,0,2,2,1,3
17269,734,2,1,2,1,25
4399,95,0,2,2,1,56
5000,7,0,1,1,1,28
15637,493,0,2,2,1,2
3190,929,0,1,1,1,2
4335,917,1,1,1,1,2
18231,90,0,2,2,1,4
15934,803,0,1,1,1,12
14497,280,0,2,1,1,1
1352,618,1,1,4,3,4
17013,466,0,2,2,1,9
6556,471,0,2,2,1,183
7683,501,0,2,2,1,4
16627,976,2,1,2,1,32
1177,704,2,2,1,1,33
8506,1061,1,2,1,1,27
14603,1075,2,2,1,1,32
10191,892,1,1,3,1,17
15972,242,0,2,2,1,3
12244,1062,0,2,1,1,1
1019,464,0,2,2,1,4
6029,756,0,1,1,1,4
16873,995,2,2,1,1,30
16845,1052,1,1,2,1,30
15837,169,0,4,1,1,1
17772,257,1,1,4,2,16
17763,183,0,4,1,1,2
16444,481,2,1,1,1,2
14572,998,1,1,1,1,9
15632,181,1,2,2,1,5
14160,91,0,2,2,1,8
257,1099,0,1,1,1,6
14539,854,0,1,1,1,7
14559,118,0,1,3,1,42
12472,107,0,1,3,1,8
14370,1075,0,2,1,1,11
11421,885,1,1,2,2,12
12378,794,0,1,2,2,4
17558,419,0,4,1,1,1
4583,1052,0,2,1,1,10
7316,886,0,2,1,1,1
8817,798,0,2,1,1,20
13353,1026,0,1,1,1,1
5804,671,0,1,1,1,4
16679,830,1,1,1,1,2
13546,395,1,1,3,2,10
1810,102,0,2,2,1,22
5707,921,2,2,1,1,22
6258,735,0,1,1,1,2
12384,14,0,1,1,1,9
1910,403,1,2,1,1,1
4658,1019,0,1,1,1,14
3499,849,0,1,1,1,2
7306,149,0,2,2,1,18
29,505,0,2,2,1,627
8126,633,0,1,1,1,2
6284,714,1,1,3,3,10
2842,1030,0,1,1,1,1
9782,1024,0,1,1,1,72
5438,475,0,2,2,1,70
4692,375,0,2,2,1,28
9458,242,0,2,2,1,9
7700,126,0,2,2,1,67
8904,244,0,2,2,1,57
7594,1086,2,2,1,1,89
5488,816,1,1,3,3,8
5753,639,0,4,1,1,3
8108,114,0,2,2,1,3
3711,378,0,2,2,1,6
13717,796,1,1,2,2,3
17678,488,0,2,2,1,6
1828,664,0,1,1,1,2
13212,769,2,1,1,1,1
14622,480,0,2,2,1,120
16069,161,0,2,2,1,8
8476,632,0,1,1,1,1
6629,1100,1,2,1,1,48
7084,845,1,2,1,1,17
212,665,0,1,1,1,4
10456,1050,0,2,1,1,1
16547,373,0,4,1,1,1
1402,214,0,2,3,2,4
9758,798,2,2,1,1,45
12232,1052,2,1,2,2,8
12016,480,0,2,2,1,109
9170,467,0,2,2,1,8
12985,533,0,1,2,2,8
259,282,0,4,1,1,2
1709,1081,0,1,2,1,3
12936,894,1,1,3,1,183
7752,944,1,1,1,1,6
9303,931,2,1,3,2,19
15461,769,0,4,1,1,3
15786,44,0,3,3,2,9
13366,415,1,4,1,1,1
13067,1011,2,1,1,1,12
2641,481,0,2,2,1,21
7632,808,0,1,2,1,4
15645,706,1,1,1,1,4
9278,95,0,2,2,1,2
5961,1008,2,2,1,1,70
1005,1118,0,1,1,1,2
3927,834,2,1,2,1,27
17822,625,1,1,2,2,4
1777,506,0,2,2,1,212
1529,714,1,2,2,2,2
1236,948,1,1,2,2,11
9708,344,0,2,2,1,18
12431,471,0,2,2,1,191
16255,1075,1,2,1,1,13
17033,1025,1,1,1,1,5
4512,878,0,1,1,1,16
2743,1101,0,1,1,1,1
4064,147,1,2,2,1,7
7182,126,0,2,2,1,88
3880,972,0,1,1,1,2
14465,365,0,4,1,1,2
2748,206,1,1,2,1,5
4844,380,0,1,3,1,14
11338,6,1,1,1,1,1
9865,380,0,2,2,1,6
13547,921,2,2,1,1,18
18234,414,1,2,2,1,2
14006,917,2,1,1,1,24
8627,599,1,2,1,1,36
14012,466,0,2,2,1,5
18375,471,0,2,2,1,47
3285,600,2,2,1,1,34
11817,984,2,1,3,3,13
4155,466,0,2,2,1,63
1751,857,1,1,1,1,2
17699,814,0,1,1,1,2
16393,91,0,2,2,1,193
5732,1075,1,2,1,1,9
2907,2,1,1,3,3,8
3394,124,0,2,2,1,13
16998,1031,1,1,1,1,9
18416,1109,2,1,2,2,10
17803,613,1,1,2,1,6
17581,1019,2,2,1,1,23
2147,976,2,1,2,1,15
13444,649,0,1,1,1,2
4560,367,1,2,1,1,2
15111,925,2,1,1,1,1
13718,798,2,2,1,1,75
2199,161,0,2,2,1,6
11969,1082,0,1,1,1,1
15567,924,0,2,2,2,1
18207,8,1,1,2,2,2
15438,814,0,1,1,1,8
2792,619,0,2,1,1,1
11912,1049,0,2,1,1,4
10010,520,0,2,2,1,12
11012,1107,2,2,1,1,45
3370,1052,2,1,2,2,61
4056,961,1,1,1,1,24
12495,1019,0,2,1,1,4
10154,350,1,2,2,1,3
9843,133,0,2,2,1,8
9796,842,0,1,1,1,37
18118,760,0,1,1,1,2
18414,1099,0,1,1,1,8
7008,962,2,2,1,1,95
16423,885,1,1,1,1,5
13850,1054,0,1,1,1,30
3515,266,0,1,2,1,3
3113,1010,0,2,1,1,2
15323,1100,1,2,1,1,10
14093,395,0,4,1,1,2
4491,793,0,1,1,1,11
6128,891,0,1,1,1,158
4738,1033,1,1,1,1,11
3198,756,0,1,2,2,18
8699,149,0,2,2,1,16
341,122,0,2,2,1,28
3554,924,2,1,4,4,45
14832,963,0,1,1,1,7
11706,984,0,1,2,2,3
12216,102,0,2,2,1,18
657,895,1,1,3,1,122
11100,1008,1,2,1,1,22
13391,1019,2,1,2,1,43
4119,898,0,1,1,1,188
1389,87,1,1,3,2,9
10232,283,0,1,2,1,9
10113,469,0,4,1,1,2
8525,704,1,2,1,1,12
18143,465,0,2,2,1,48
5248,852,1,1,1,1,2
4764,509,0,2,2,1,10
9076,821,2,1,1,1,1
8106,1008,2,1,2,1,82
4694,759,0,2,1,1,1
9795,479,0,2,2,1,59
9386,2,0,1,2,2,7
3290,931,0,2,1,1,8
18385,294,0,2,2,1,3
519,122,0,2,2,1,4
7185,734,0,2,1,1,56
2465,1052,2,1,2,1,59
111,491,0,2,2,1,9
5591,706,1,1,2,1,3
3319,1055,0,1,1,1,2
7138,363,0,1,3,2,24
15978,475,0,2,2,1,25
2992,102,1,2,2,1,10
6210,471,0,2,2,1,77
17970,195,0,1,3,1,4
5242,468,0,2,1,1,2
4806,809,0,1,2,1,2
9884,779,2,2,1,1,49
16303,7,2,2,1,1,23
3011,601,1,1,2,2,2
3558,137,0,2,2,1,11
4949,613,1,1,3,1,17
827,167,0,1,3,1,4
17650,1033,1,1,1,1,6
17527,675,1,1,1,1,5
4377,230,0,4,1,1,1
2355,877,1,1,2,1,8
6175,816,0,1,1,1,4
18309,613,1,1,3,1,48
15389,181,0,2,2,1,4
12684,120,1,2,2,1,2
11976,1013,0,1,3,2,7
8452,823,1,2,1,1,5
14598,7,0,1,1,1,3
901,684,0,2,1,1,90
12074,734,0,1,2,1,74
6426,8,0,1,1,1,2
10297,956,2,1,1,1,8
16145,1061,2,2,1,1,12
1746,821,2,1,3,2,60
12450,763,0,2,1,1,20
16693,723,0,2,1,1,2
18538,1106,1,1,1,1,8
4482,483,0,1,2,1,9
13003,599,0,2,1,1,53
17757,984,1,1,2,2,8
13496,1071,0,2,1,1,2
5414,128,0,2,2,1,8
9557,1077,0,2,1,1,2
5216,476,0,2,2,1,6
18360,846,0,1,2,1,20
16207,249,1,1,2,1,5
15688,744,1,1,2,2,29
10242,480,0,2,2,1,95
1739,365,1,2,2,1,4
11928,1011,1,1,1,1,1
4115,471,0,2,2,1,211
2575,165,1,2,2,1,7
11381,501,0,2,2,1,6
6737,822,0,2,1,1,2
6406,808,0,1,2,1,4
11311,810,2,1,2,1,34
8447,16,0,2,1,1,2
16697,678,1,1,1,1,8
10964,118,0,1,2,1,11
13675,314,0,2,3,2,6
7095,353,0,1,2,1,8
9418,264,1,1,2,1,5
16949,1,0,2,1,1,2
17438,653,2,1,2,1,38
7046,798,1,1,2,1,8
7651,120,0,2,2,1,4
2190,734,2,1,3,2,46
10144,793,0,2,1,1,5
17685,638,1,1,2,1,21
17109,565,0,2,1,1,2
6239,356,1,2,2,1,8
8128,1076,1,2,1,1,4
4446,455,0,2,2,1,2
13889,894,0,1,3,1,69
14688,450,0,2,2,1,5
17585,734,2,2,1,1,9
8867,328,0,2,2,1,6
12590,1019,2,1,2,1,63
16785,699,1,2,1,1,1
8911,415,1,2,2,1,3
9346,245,0,2,2,1,9
6241,1052,0,1,2,2,11
11719,476,0,2,2,1,65
9663,834,1,2,1,1,12
8551,837,0,2,1,1,2
14928,931,0,2,1,1,6
15060,803,1,1,1,1,3
4587,879,0,1,1,1,4
6846,976,1,2,1,1,6
14207,1053,1,1,2,1,10
15709,378,0,2,2,1,12
4751,242,0,2,2,1,319
7527,714,0,1,2,2,4
2028,645,0,1,1,1,1
14721,155,0,1,3,1,14
14727,91,0,2,2,1,235
12602,945,0,1,2,2,11
17850,802,0,1,3,3,6
9565,471,0,2,2,1,192
1941,808,0,2,1,1,1
1980,641,1,1,2,1,14
14385,814,0,1,1,1,10
17888,171,0,2,1,1,1
8668,767,0,1,2,2,5
10416,135,0,2,2,1,48
217,13,1,1,2,2,8
16794,651,0,1,1,1,2
16467,468,0,2,2,1,54
16492,1095,0,2,2,2,3
16097,1,0,1,2,1,2
924,734,2,1,2,1,23
2136,600,0,1,2,1,34
11302,909,0,1,1,1,4
4589,126,0,2,2,1,33
15142,442,0,2,2,1,14
7639,1069,1,1,1,1,2
15324,823,0,2,1,1,16
16133,758,1,1,1,1,3
5032,1015,1,1,1,1,2
17830,102,0,2,2,1,6
1789,103,0,2,2,1,5
3381,370,0,4,1,1,6
1398,941,0,1,1,1,4
13626,155,0,2,2,1,23
16934,643,0,4,1,1,3
2314,767,1,1,3,3,4
11067,149,0,2,2,1,10
15365,224,0,2,2,1,11
10459,976,1,2,1,1,14
8114,999,0,2,1,1,4
15955,885,0,1,1,1,10
2114,821,1,1,3,2,53
17724,1019,0,1,2,1,5
15704,962,0,2,1,1,14
6906,527,0,2,2,1,9
12750,1107,2,1,2,1,69
4075,149,0,2,2,1,29
6986,1100,2,1,2,1,102
7868,655,0,2,1,1,1
2372,831,1,1,1,1,2
6085,834,1,2,1,1,6
5557,903,0,1,1,1,22
1656,465,0,2,2,1,88
17670,826,1,1,2,2,8
11518,756,1,1,1,1,2
31,457,0,2,2,1,35
1031,763,1,2,1,1,27
9752,995,2,1,2,1,439
809,204,1,1,2,1,4
3640,1026,0,1,2,2,4
2923,994,0,1,1,1,1
18016,600,2,1,2,1,31
7042,240,1,2,2,1,6
15825,931,0,2,1,1,12
2258,767,1,1,2,2,4
14403,914,1,1,2,2,4
11011,478,0,2,2,1,72
4973,1100,2,1,1,1,1
17624,448,0,2,2,1,3
12599,638,0,4,2,1,8
11093,1100,2,1,2,1,218
9267,500,0,2,2,1,12
12200,892,2,1,3,1,48
5964,709,0,1,1,1,4
4136,845,0,2,1,1,30
17061,822,0,1,2,2,3
15676,102,0,2,2,1,64
8054,472,0,4,1,1,2
315,909,1,2,2,2,6
3570,175,0,1,3,1,3
7377,1068,0,1,1,1,18
15309,211,1,1,3,1,14
1874,314,1,2,2,1,12
7071,180,0,2,2,1,2
3152,653,2,1,2,1,102
15697,823,0,1,2,1,11
2425,1008,1,1,2,1,13
2729,157,0,4,1,1,2
7506,795,0,2,1,1,182
15998,899,0,1,4,1,18
15256,1052,0,1,2,1,19
1446,236,0,2,2,1,50
7240,704,0,1,2,1,11
13348,817,0,1,2,1,2
5636,489,0,2,2,1,4
4881,1086,1,2,1,1,7
7904,684,0,1,2,1,28
8123,476,0,2,2,1,38
6794,1050,1,1,2,2,6
190,478,0,2,2,1,22
17307,118,0,2,2,1,48
4066,945,0,2,1,1,28
16510,958,0,1,2,1,67
10551,786,0,4,1,1,1
17638,242,0,2,2,1,9
3669,272,0,4,1,1,3
14654,684,1,2,1,1,59
4607,441,0,1,4,2,9
2614,885,0,1,1,1,8
15280,99,0,1,3,1,4
10722,808,0,1,2,1,7
14768,1111,1,1,1,1,3
3334,493,0,2,2,1,42
16453,457,0,2,2,1,153
5333,1067,0,1,1,1,16
13488,93,1,2,2,1,3
10625,881,0,4,1,1,1
8454,644,0,1,2,1,352
15072,1019,1,2,1,1,7
14454,490,0,2,2,1,57
16540,710,0,1,1,1,2
11863,760,1,1,1,1,1
16088,653,1,1,2,2,13
4685,653,0,2,1,1,8
12644,744,0,1,2,2,3
10984,584,0,1,1,1,2
10791,472,0,2,2,1,8
18506,845,0,2,1,1,10
10847,244,0,2,2,1,37
8675,474,0,2,2,1,15
11864,124,0,2,2,1,16
15273,704,0,1,2,1,36
5745,242,0,2,2,1,95
1255,1042,1,2,1,1,6
13027,298,0,2,2,1,41
3164,1031,0,1,1,1,40
5397,758,0,1,1,1,9
13706,369,0,2,2,1,193
4178,962,0,1,2,1,20
12454,1107,1,1,2,1,237
177,124,0,2,2,1,3
8162,856,1,1,3,3,4
13041,768,0,2,1,1,3
6385,1111,1,1,1,1,3
1816,1083,1,1,1,1,5
2660,824,1,1,1,1,1
18413,1002,0,1,1,1,2
14583,1086,1,2,1,1,22
6926,682,0,1,1,1,18
8166,599,2,2,1,1,77
1295,607,0,2,2,2,7
11457,837,1,1,3,3,8
470,648,0,2,3,3,2
11397,1086,2,2,1,1,17
1110,1042,2,2,1,1,51
7051,484,0,2,2,1,17
16515,846,0,2,1,1,37
18182,506,0,2,2,1,17
6808,653,1,1,2,1,36
2537,661,1,2,2,2,4
13181,488,0,1,3,1,27
154,257,1,2,2,1,2
8383,700,1,4,1,1,3
2564,406,1,1,2,1,3
12445,2,1,1,3,3,6
8728,243,0,2,2,1,3
8009,611,0,1,1,1,1
16608,845,0,2,1,1,7
313,902,0,1,1,1,4
14350,239,0,1,4,2,7
9820,931,0,2,1,1,26
14210,491,0,2,2,1,10
6644,1030,1,1,1,1,3
15347,962,2,2,1,1,22
9230,584,0,2,1,1,22
12757,814,0,2,1,1,11
7552,793,0,1,1,1,39
14018,962,2,2,1,1,92
8102,643,0,4,2,1,3
10319,1007,0,2,1,1,3
15910,475,0,2,2,1,32
3183,856,2,1,4,4,51
7033,684,0,2,1,1,12
16615,236,1,2,2,1,8
11200,229,1,1,2,1,4
4706,1052,0,2,1,1,30
4623,1008,1,2,1,1,27
10025,414,0,4,1,1,2
7296,734,2,1,3,2,43
1614,226,1,2,2,1,6
5647,995,0,2,1,1,4
2021,1072,0,1,1,1,2
6651,834,0,2,1,1,11
14219,489,0,2,2,1,20
10852,373,0,2,2,1,122
6727,995,1,1,2,1,447
6282,445,0,2,2,1,20
5727,119,0,2,2,1,50
16114,325,1,1,3,2,7
1216,7,0,1,1,1,42
1993,963,0,1,1,1,10
1776,798,1,2,1,1,24
12052,817,0,1,1,1,1
17750,805,0,2,1,1,8
9115,91,0,2,2,1,472
1006,603,0,1,1,1,2
2214,1008,1,2,1,1,13
17971,38,0,5,2,2,2
12235,962,1,2,1,1,10
9562,487,0,4,1,1,1
14486,480,0,1,2,1,3
3860,1116,0,1,1,1,2
6303,477,0,2,2,1,109
13434,465,0,2,2,1,20
7229,292,0,2,2,1,9
6661,32,0,1,3,2,50
12412,244,0,2,2,1,61
1904,892,0,2,1,1,214
14066,488,0,2,2,1,41
886,1018,0,1,2,1,6
769,893,0,1,3,1,64
1553,1010,0,1,1,1,27
8228,756,1,4,1,1,2
15713,477,0,2,2,1,202
432,255,0,2,2,1,13
14084,501,0,2,2,1,4
6781,57,1,1,2,2,2
3723,994,0,1,1,1,2
12389,1015,0,1,1,1,1
8892,97,1,2,2,1,6
16074,653,2,1,2,1,128
10444,230,0,2,3,2,5
107,118,1,2,2,1,19
12252,242,0,2,2,1,268
10767,97,0,4,1,1,1
5977,1017,1,1,1,1,4
10850,825,1,1,2,2,4
12053,881,1,1,2,2,2
15677,229,0,1,3,1,16
2096,135,0,2,2,1,30
2656,102,0,2,2,1,4
4439,475,0,2,2,1,11
12868,151,0,4,1,1,1
10438,208,1,1,1,1,2
15725,118,0,2,2,1,4
11192,885,1,1,1,1,5
3682,714,1,1,2,2,15
13795,834,0,2,1,1,32
14106,852,0,1,1,1,2
16809,1008,1,2,1,1,15
9725,244,0,2,2,1,22
9977,480,0,2,2,1,124
12174,133,0,2,2,1,6
10713,742,0,2,2,2,5
2759,1094,0,2,1,1,2
12719,169,0,1,3,1,8
10130,492,0,2,2,1,2
16746,498,0,2,2,1,4
13234,153,0,1,1,1,2
6893,206,0,4,1,1,1
12700,825,1,2,1,1,2
10537,664,0,1,1,1,32
10796,705,2,1,2,2,4
6498,155,0,2,2,1,4
8359,1017,0,1,1,1,4
5524,897,2,1,4,1,18
13842,536,1,1,2,2,2
17698,466,0,2,2,1,8
1965,664,0,1,1,1,14
13388,721,1,1,1,1,5
13233,477,0,2,2,1,15
6243,846,0,2,1,1,18
16754,845,0,2,1,1,20
16224,13,0,1,4,3,377
1266,246,1,2,2,1,5
1914,135,0,2,2,1,14
14062,518,0,2,2,1,21
1877,837,0,1,2,2,43
7502,1107,1,1,2,1,93
17773,845,2,2,1,1,18
561,641,0,1,2,1,529
4651,1026,0,2,1,1,1
12799,533,0,1,1,1,1
9901,707,0,1,2,1,2
11191,126,0,2,2,1,99
10690,126,0,2,2,1,29
5243,984,0,2,1,1,3
18170,734,2,1,2,1,71
1544,865,1,1,1,1,6
14761,149,0,2,2,1,4
6021,692,1,1,1,1,6
12710,1086,2,1,2,1,90
544,974,1,1,1,1,2
17015,292,0,4,1,1,1
7019,736,0,1,1,1,2
2608,1095,0,1,2,2,2
8623,944,0,1,1,1,14
2848,465,0,2,2,1,36
17596,506,0,2,2,1,61
7104,369,0,2,2,1,121
5624,13,2,1,2,2,14
9976,826,1,1,3,3,44
14493,925,0,1,1,1,2
5410,948,0,2,1,1,1
11752,505,0,2,2,1,120
8505,829,0,1,1,1,4
13526,909,1,1,2,2,4
14471,463,0,2,2,1,7
1424,414,0,2,2,1,6
17871,521,0,2,2,1,16
9254,476,0,2,2,1,102
14866,126,0,2,2,1,38
13568,805,0,2,1,1,9
15264,881,1,1,2,2,5
2965,344,1,1,1,1,1
15316,613,0,2,1,1,12
17592,809,0,2,1,1,4
2581,198,0,1,2,1,2
12613,757,0,1,3,2,4
17327,258,1,1,2,1,3
3989,380,0,2,2,1,15
16082,73,0,1,3,3,22
2164,691,1,2,2,2,4
918,271,0,2,2,1,2
8242,962,2,2,1,1,10
7953,976,0,2,1,1,15
6208,1007,0,1,2,1,16
2007,355,1,2,2,1,2
15166,957,1,1,1,1,4
2434,810,2,2,2,1,50
8948,344,0,2,2,1,4
10583,638,2,1,2,1,65
4094,995,1,2,1,1,26
7022,644,0,1,2,1,458
1343,128,0,2,2,1,14
5827,7,0,1,1,1,34
3689,758,1,1,1,1,4
18130,905,0,1,1,1,32
8154,600,2,2,1,1,39
10971,600,0,2,1,1,13
15126,468,0,4,1,1,3
17748,1063,0,1,1,1,7
14468,155,0,2,2,1,48
6899,754,0,1,1,1,2
7485,380,0,2,2,1,13
11116,1056,1,1,1,1,2
6753,91,0,2,2,1,143
3561,208,1,2,2,1,28
16140,1097,0,1,1,1,6
13149,1126,0,1,3,2,22
12193,159,0,2,2,1,17
7169,643,1,1,2,1,4
5440,472,0,2,2,1,6
8932,336,0,4,1,1,1
618,495,0,2,2,1,440
12137,763,1,2,1,1,11
11082,798,2,2,1,1,10
16101,9,0,2,1,1,1
1265,519,0,2,2,1,2
4216,1075,2,2,1,1,89
387,957,0,2,2,2,2
8155,500,0,4,1,1,1
9407,653,1,1,2,2,83
6071,292,1,2,2,1,4
6217,476,0,2,2,1,66
15887,493,0,2,2,1,6
11402,457,0,2,2,1,104
1538,1079,1,4,1,1,3
14401,468,0,2,2,1,72
12269,627,1,1,4,3,17
13610,276,0,1,2,1,3
999,704,1,2,1,1,8
12293,147,0,2,2,1,5
10944,704,2,1,2,1,40
12695,839,0,4,1,1,14
8210,767,1,1,1,1,2
17037,1100,2,2,1,1,63
12363,1086,1,2,1,1,6
9178,911,1,1,1,1,2
15798,584,0,2,1,1,2
13056,837,0,1,3,3,16
9603,1042,1,2,1,1,14
859,402,1,1,3,1,5
13073,463,0,2,2,1,2
2497,925,1,1,1,1,67
12337,977,1,5,1,1,6
12037,151,1,1,1,1,2
3753,471,0,2,2,1,55
11028,546,1,1,3,2,3
16530,1058,1,1,1,1,1
1916,91,0,2,2,1,633
1196,627,0,4,1,1,1
5203,468,0,2,2,1,20
14719,400,0,1,2,1,3
4293,1107,1,1,2,1,53
9497,242,0,2,2,1,266
15342,459,0,2,2,1,11
2639,17,1,1,1,1,12
4549,921,1,2,1,1,15
14303,830,1,1,1,1,3
11187,619,1,1,1,1,20
15605,356,0,1,2,1,2
5908,1095,1,1,2,2,5
6752,919,0,2,2,2,7
16417,884,1,1,1,1,14
14794,119,0,2,2,1,32
4943,470,0,2,2,1,4
10481,638,2,1,2,1,58
15167,244,0,2,2,1,51
2707,793,0,1,1,1,197
17291,481,0,2,2,1,108
15754,225,0,2,2,1,4
13801,102,0,2,2,1,19
7245,803,0,1,1,1,10
18493,700,0,2,1,1,2
17673,718,0,1,2,1,3
10958,1079,0,1,2,2,3
6487,942,1,1,3,3,3
7336,1104,1,2,1,1,2
2920,763,1,1,2,1,10
1861,627,1,1,2,2,6
9970,844,1,1,1,1,12
2490,167,1,2,1,1,2
15770,946,0,2,1,1,13
15918,283,0,2,2,1,8
17005,60,1,1,1,1,2
4799,126,0,2,2,1,12
2200,476,0,2,2,1,127
16895,9,0,1,3,2,8
3572,683,0,1,1,1,1
8190,1107,2,1,2,1,78
1670,793,0,1,1,1,37
2613,126,0,2,2,1,62
17145,400,0,1,3,1,4
15370,1117,0,1,1,1,3
5767,494,0,2,2,1,95
3948,481,0,2,2,1,98
8555,9,0,2,1,1,8
14146,676,0,1,1,1,12
14968,149,0,2,2,1,12
8709,793,0,1,1,1,24
12433,353,1,2,2,1,2
2917,1103,2,1,6,3,13
5357,282,0,2,2,1,38
14270,493,0,2,2,1,10
9667,473,0,2,2,1,6
16290,773,0,1,2,1,22
8468,981,1,1,1,1,2
14256,39,0,1,1,1,3
9991,484,0,2,2,1,44
10596,374,0,2,2,1,114
17551,815,1,1,1,1,2
6773,177,1,2,1,1,2
6722,465,0,2,2,1,58
18100,793,0,1,1,1,90
15092,814,0,1,1,1,15
18046,475,0,2,2,1,4
4422,814,0,1,1,1,11
91,984,1,1,2,2,5
8565,466,0,2,2,1,52
11466,825,1,2,2,2,2
15366,380,0,2,2,1,8
13914,619,0,1,1,1,1649
14467,1031,0,2,1,1,1
662,244,0,2,2,1,78
6053,928,1,1,1,1,2
3460,242,0,2,2,1,31
9378,1042,2,1,2,1,26
7367,962,1,1,2,1,6
14803,208,0,2,2,1,3
18080,122,0,2,2,1,19
3371,882,0,2,1,1,2
9147,834,0,1,2,1,20
871,386,1,2,2,1,44
7838,584,0,1,1,1,13
2644,613,1,1,2,1,20
8220,845,1,2,1,1,16
16007,896,0,4,1,1,1
10655,568,1,1,1,1,2
7698,794,0,1,3,3,6
5630,380,0,1,2,1,24
4280,460,1,2,2,1,6
3260,95,1,2,2,1,4
14556,318,0,1,2,1,2
16549,943,1,2,1,1,2
16056,100,0,2,2,1,5
3428,472,0,1,2,1,5
7747,393,1,2,2,1,2
15013,821,0,2,1,1,18
14431,894,1,1,3,1,35
13645,921,0,2,1,1,4
12982,74,1,4,1,1,2
2635,16,0,1,1,1,1
1976,460,0,2,2,1,12
12560,155,0,2,2,1,20
952,13,0,1,2,2,14
13377,242,0,2,2,1,224
16889,723,1,1,1,1,1
12132,157,0,2,2,1,7
3531,691,0,2,2,2,13
13722,756,1,1,1,1,8
10542,760,1,1,2,2,14
17866,128,0,2,2,1,23
4401,802,1,1,4,3,6
6089,846,2,2,1,1,20
10224,13,0,4,1,1,2
3229,984,0,1,2,2,6
9956,477,0,2,2,1,152
7635,925,0,1,1,1,6
8090,946,0,2,1,1,2
10696,1014,1,1,2,2,28
17475,856,1,1,3,2,4
16897,244,0,2,2,1,73
6957,1063,0,2,1,1,1
928,836,0,1,1,1,99
14430,135,0,2,2,1,38
14271,895,1,1,3,1,35
2134,915,1,1,1,1,2
4883,415,1,2,2,1,4
14166,1033,0,2,1,1,2
9215,909,0,2,1,1,2
11633,139,1,2,2,1,4
687,638,2,1,2,1,18
5401,1107,2,1,2,1,239
9121,627,1,2,3,2,10
18358,73,1,1,5,3,27
8783,898,0,1,1,1,176
1729,462,0,1,4,2,11
5317,518,0,1,1,1,1
10902,1008,0,1,2,1,14
16304,704,2,1,2,2,41
14286,849,0,1,1,1,2
16051,1061,2,2,1,1,22
13500,520,0,2,2,1,15
6408,495,0,2,2,1,480
7198,794,1,1,3,3,9
12079,668,2,1,1,1,44
13621,895,0,4,1,1,2
6709,684,1,2,1,1,12
9689,126,0,2,2,1,51
9251,335,1,1,3,2,9
12909,84,1,4,1,1,3
10183,814,0,2,1,1,13
14041,714,0,1,2,2,10
8287,320,1,2,2,1,4
7999,885,0,2,1,1,9
7085,760,0,4,1,1,14
17738,705,0,1,1,1,1
7345,465,0,2,2,1,116
1809,291,0,2,2,1,2
4622,816,0,1,1,1,2
12975,471,0,2,2,1,97
1433,270,0,2,2,1,16
13118,290,1,2,2,1,2
265,831,0,4,1,1,3
6914,1,0,1,2,1,11
9489,644,0,1,3,1,26
11235,530,1,1,2,1,2
3028,488,0,2,2,1,53
1064,976,2,1,2,1,34
14287,870,0,1,1,1,1
16990,894,2,1,3,1,206
8229,891,0,1,1,1,30
6782,296,1,1,2,1,3
714,9,0,1,2,1,5
7292,653,0,1,2,1,18
9098,709,0,2,1,1,4
1887,326,1,2,2,1,4
5844,763,0,2,1,1,48
4930,91,0,4,1,1,4
8333,798,2,2,1,1,18
5711,808,0,1,2,1,34
11654,607,1,2,2,2,2
10138,485,0,2,2,1,5
17411,557,0,1,1,1,4
17193,1048,0,1,1,1,2
2382,856,1,1,2,2,5
12202,810,1,2,1,1,50
1829,240,0,4,1,1,4
8196,373,0,2,2,1,214
12108,1086,0,2,1,1,14
6731,494,0,4,1,1,1
5957,135,0,1,3,1,6
18147,809,0,1,2,1,7
4542,242,0,2,2,1,162
2208,1086,2,2,1,1,13
7495,118,0,2,2,1,42
1077,318,0,2,2,1,6
3003,943,1,1,1,1,1
139,474,0,2,2,1,15
5733,798,0,2,1,1,32
7412,480,0,2,2,1,125
13755,834,0,2,1,1,20
17071,1014,0,4,1,1,2
15410,816,0,1,6,4,11
8531,508,0,2,1,1,1
12010,405,1,2,2,1,2
17569,793,0,2,1,1,4
5835,938,1,1,1,1,6
1603,737,0,2,1,1,3
3894,1052,0,1,3,2,20
15176,1100,2,1,2,1,67
7561,33,0,4,1,1,19
13273,1010,1,2,1,1,6
7155,989,1,1,1,1,3
14336,1106,1,2,1,1,2
1225,1033,1,1,1,1,4
6798,638,2,1,2,1,28
13838,1007,0,1,2,1,9
16301,380,0,2,2,1,8
10522,378,0,2,2,1,5
9350,1111,1,1,1,1,4
14288,125,0,2,2,1,16
8496,460,1,2,2,1,7
7976,144,1,2,2,1,3
6691,644,1,1,2,1,8
13046,845,1,2,1,1,23
17991,430,0,2,2,1,10
8063,944,1,1,1,1,2
14890,760,0,1,1,1,9
7432,1061,2,1,2,1,57
2348,615,0,2,1,1,2
4736,244,0,2,2,1,54
5098,902,0,2,2,2,3
4357,891,0,1,1,1,12
1367,808,0,1,2,1,12
9480,989,2,1,1,1,40
16087,141,0,2,2,1,6
14487,763,0,1,2,1,48
2488,133,0,2,2,1,11
2233,839,1,1,1,1,3
5418,538,1,1,1,1,4
5950,984,1,1,1,1,1
11295,643,1,1,1,1,1
853,159,0,2,2,1,32
17202,1054,0,1,1,1,8
13421,413,0,1,1,1,1
2250,1,0,1,2,1,5
555,834,0,2,1,1,38
15294,600,0,1,2,1,25
9632,1112,2,1,1,1,50
2224,1099,1,1,1,1,21
9909,389,0,2,2,1,2
9730,1100,1,1,2,1,54
9617,91,0,2,2,1,4
16268,837,1,1,5,5,9
12532,915,2,1,1,1,11
3832,519,0,2,2,1,8
1971,79,1,1,4,3,9
7978,1025,0,1,1,1,2
15634,471,0,2,2,1,170
360,834,2,2,1,1,14
4965,476,0,2,2,1,57
5823,460,1,2,2,1,15
6720,878,0,1,1,1,4
11430,135,0,1,3,1,27
15572,691,1,2,3,2,19
5933,878,0,1,1,1,8
16579,535,0,5,1,1,6
6723,500,0,2,2,1,3
9797,891,0,1,1,1,76
17372,127,0,2,2,1,21
8052,704,2,1,2,1,61
2983,676,1,1,2,2,11
3973,470,0,1,2,1,3
15719,126,0,2,2,1,60
11065,810,1,1,3,1,15
2166,707,0,2,1,1,4
5049,846,0,2,1,1,20
14381,652,0,2,1,1,1
12230,166,0,2,2,1,5
18230,931,0,2,1,1,10
13836,107,1,2,2,1,5
11474,533,0,1,2,2,15
17135,1044,0,2,1,1,2
5184,1018,1,1,3,1,5
17301,895,1,1,3,1,18
10590,475,0,2,2,1,27
14040,135,0,2,2,1,46
5527,742,0,2,2,2,2
69,875,1,1,1,1,4
1284,600,0,2,1,1,14
15406,157,0,2,2,1,5
14294,133,0,2,2,1,2
15367,962,1,2,1,1,29
504,798,0,1,2,1,21
13828,812,0,1,1,1,1222
5307,520,0,2,2,1,13
16911,882,0,2,1,1,1
14064,380,0,1,3,1,16
6551,810,1,2,1,1,25
17519,662,0,1,1,1,3
18021,878,0,1,1,1,1
12418,864,1,1,1,1,4
10663,89,0,2,2,1,212
7027,963,0,1,1,1,44
3896,1095,0,1,2,2,2
14304,495,0,2,2,1,374
1485,702,0,1,1,1,4
3018,891,0,1,1,1,31
8413,493,0,2,2,1,47
15975,311,1,2,2,1,4
1416,325,0,4,1,1,2
9114,829,0,1,1,1,1
3272,406,1,2,2,1,8
12988,1024,0,1,1,1,3
12017,995,0,2,1,1,26
1349,1007,0,2,1,1,4
18442,902,1,4,1,1,2
15548,765,0,1,1,1,3
8658,459,0,2,2,1,2
9404,627,1,4,1,1,2
18122,384,0,2,2,1,18
3996,405,0,2,2,1,16
9463,118,0,2,2,1,27
5696,657,0,4,1,1,1
9236,845,2,2,1,1,13
9366,976,1,1,2,1,9
10826,735,0,1,1,1,11
15014,457,0,2,2,1,45
5671,831,0,1,1,1,2
11396,218,1,2,2,1,2
17561,477,0,2,2,1,172
9313,100,0,1,3,1,4
14155,149,0,2,2,1,121
14700,962,0,2,1,1,22
10876,344,1,2,2,1,3
6699,639,0,1,2,1,26
5502,479,0,2,2,1,92
13573,925,0,1,1,1,22
13685,892,1,1,3,1,16
8599,1026,1,1,2,2,12
8475,238,1,2,2,1,2
6019,21,1,1,2,2,5
17293,95,0,4,1,1,1
17774,894,0,1,3,1,25
17473,477,0,2,2,1,21
4454,734,1,1,2,1,22
8844,373,0,2,2,1,135
7682,923,0,1,1,1,1
6604,877,1,4,1,1,2
15103,206,0,2,2,1,2
1079,135,1,2,2,1,3
10261,979,0,2,2,2,1
5159,268,0,2,2,1,7
17666,494,0,2,2,1,304
1967,203,0,2,2,1,4
13378,1107,2,1,2,1,67
13571,794,0,1,3,3,7
5806,1063,0,1,1,1,28
4248,53,1,1,1,1,2
15658,478,0,2,2,1,43
10745,469,0,2,2,1,2
4959,607,0,1,2,2,43
13346,102,1,2,2,1,8
8767,508,0,2,2,1,46
16171,830,1,1,1,1,1
9271,1066,1,1,2,2,2
14039,839,0,1,1,1,2
8397,475,0,2,2,1,13
14127,821,1,1,2,2,12
3081,724,1,1,2,1,17
6638,1019,0,2,1,1,37
2566,793,0,1,1,1,9
7305,734,2,1,2,1,47
6776,652,1,1,2,1,5
10302,282,1,2,2,1,3
14130,532,1,1,4,2,29
16779,744,1,1,1,1,2
11180,181,0,2,2,1,8
6153,734,2,1,3,2,18
17795,187,1,1,3,2,121
1979,244,0,2,2,1,64
1908,653,0,1,2,1,28
10296,680,1,1,1,1,4
9330,810,2,1,2,1,21
8281,793,0,1,1,1,93
11510,957,1,1,1,1,8
18180,892,1,1,3,1,20
1111,915,1,1,1,1,3
13865,989,0,2,1,1,1
1915,794,0,1,3,3,7
12170,894,1,1,1,1,2
8672,494,0,2,2,1,24
15276,2,1,1,2,2,6
12357,476,0,2,2,1,69
10584,849,0,1,1,1,4
9625,490,0,2,2,1,20
5370,1015,1,1,1,1,8
15737,388,0,4,1,1,2
10748,853,0,2,1,1,1
13556,95,1,2,2,1,4
14962,499,0,2,2,1,411
8022,826,1,2,2,2,1
1909,846,2,1,2,1,18
11269,130,0,4,1,1,2
14931,962,1,2,1,1,14
2753,489,0,2,2,1,63
11038,102,0,2,2,1,36
10664,821,2,1,1,1,1
17165,734,2,1,2,2,41
424,476,0,2,2,1,50
3055,803,0,2,1,1,1
10800,892,1,1,3,1,138
14529,242,0,2,2,1,247
3267,1107,1,1,2,1,36
18525,810,2,1,2,1,64
5920,400,0,2,2,1,8
6533,1056,1,1,2,2,3
4974,12,0,1,2,2,6
15522,1048,1,1,1,1,665
752,821,1,1,3,2,20
55,471,0,2,2,1,264
6262,1052,1,1,3,2,20
13204,895,2,1,4,1,48
3297,280,0,2,2,1,3
15144,821,2,1,2,1,300
3971,1094,2,1,2,1,30
12463,9,0,1,2,2,5
14629,468,0,2,2,1,24
4792,664,0,1,1,1,1
13620,942,1,1,2,2,12
11990,87,2,1,1,1,1
11563,471,0,2,2,1,200
5181,700,1,1,1,1,2
4061,1052,1,1,2,2,15
4051,653,0,2,1,1,2
2334,476,0,2,2,1,276
7906,122,0,2,2,1,27
5261,485,0,2,2,1,13
6973,939,0,1,1,1,6
3407,1109,0,1,2,2,4
15105,691,1,2,3,2,12
11174,821,0,1,3,2,29
10461,702,1,1,1,1,2
9110,467,0,2,2,1,4
15838,445,0,2,2,1,27
2628,498,0,2,2,1,118
2461,496,0,2,2,1,9
8027,169,0,2,2,1,3
5750,653,1,2,1,1,20
5974,189,0,1,1,1,1
13691,845,2,2,1,1,20
4952,505,0,2,2,1,103
8337,825,1,2,1,1,5
240,892,1,2,3,1,10
5701,1075,2,1,2,1,15
2471,989,1,1,1,1,2
13932,734,0,1,2,2,45
13092,836,0,1,1,1,4
634,808,0,1,2,1,15
9016,1008,0,2,1,1,38
12598,159,0,2,2,1,2
2253,478,0,2,2,1,88
16572,613,0,1,3,1,11
3600,521,0,2,2,1,13
17593,470,0,2,2,1,5
12699,91,0,2,2,1,133
5762,292,0,2,2,1,3
9143,345,0,1,1,1,1
6456,707,0,2,1,1,6
6616,909,1,1,2,2,4
17626,181,0,2,2,1,2
13455,155,1,2,2,1,4
17277,989,1,1,1,1,1
8277,1008,0,2,1,1,36
17246,465,0,1,3,2,5
2077,518,0,2,2,1,38
16014,242,0,2,2,1,262
8770,1107,2,1,2,1,147
6872,1097,0,1,1,1,7
15181,73,2,1,4,4,4
9783,443,1,2,2,1,2
3911,471,0,2,2,1,25
16909,609,0,2,2,2,7
8521,472,0,2,2,1,4
10330,1097,1,1,1,1,3
17542,878,1,1,1,1,7
1792,255,0,4,1,1,2
11807,756,0,1,1,1,2
12806,962,2,1,2,1,38
18141,734,0,1,2,1,16
4019,684,2,2,1,1,17
7915,244,0,2,2,1,64
3944,793,0,1,1,1,114
1546,936,0,1,2,2,5
3698,1091,1,1,3,3,4
7264,779,2,2,1,1,38
15492,1107,1,1,2,1,59
7379,500,0,2,2,1,8
15056,293,0,2,2,1,2
16430,1054,0,1,1,1,9
15225,755,0,1,1,1,2
16885,467,0,2,2,1,10
8498,122,0,2,2,1,46
6560,810,1,1,2,1,18
3781,223,1,2,2,1,2
11138,1100,2,1,2,1,108
9340,627,1,2,3,2,11
7383,1109,1,1,2,2,12
16198,963,0,1,1,1,111
13936,851,0,1,3,3,4
7476,1031,1,1,1,1,3
7793,324,1,2,2,1,11
5931,562,2,1,1,1,58
7039,2,0,2,1,1,3
3932,490,0,2,2,1,8
12030,707,0,1,3,2,8
3462,653,1,2,1,1,19
10960,885,1,1,1,1,8
7883,989,1,1,1,1,1
9440,976,1,1,2,1,3
7610,653,1,1,2,1,26
8055,481,1,2,2,1,5
5439,1019,1,1,2,1,8
3659,1060,0,2,1,1,2
11244,570,1,1,1,1,3
6483,896,0,1,3,1,11
17532,161,0,2,2,1,10
9324,891,0,1,1,1,27
7126,821,2,1,3,2,113
6334,692,0,1,2,1,2
4702,181,0,4,1,1,3
10505,378,0,2,2,1,9
17815,892,1,1,4,1,21
18387,690,0,1,1,1,2
10230,477,0,2,2,1,106
13498,648,0,1,2,2,2
12522,1052,0,2,1,1,19
1813,607,0,2,2,2,4
14199,401,0,4,1,1,2
11229,358,0,4,1,1,10
2954,802,0,1,4,4,384
1112,794,0,1,2,2,12
16869,938,1,1,1,1,2
3493,821,2,2,1,1,20
9741,263,1,1,3,2,9
502,290,0,1,3,2,6
5500,477,0,2,2,1,113
6977,600,2,2,1,1,30
1618,12,0,1,2,2,4
5868,498,0,2,2,1,139
2113,460,1,1,3,1,11
15888,126,0,2,2,1,31
903,846,1,2,1,1,11
11731,342,0,2,2,1,4
683,735,0,1,1,1,3
14458,823,0,2,1,1,9
11463,494,0,2,2,1,544
16287,653,2,2,1,1,63
17322,949,1,1,1,1,3
13856,798,0,2,1,1,1
14224,869,1,1,1,1,2
4600,613,2,1,2,1,48
6552,816,0,2,2,2,2
13609,476,0,2,2,1,85
1832,755,0,1,1,1,1
4647,173,0,1,3,1,4
3226,479,0,2,2,1,6
10012,826,1,2,3,3,1
1542,457,0,2,2,1,61
11132,1050,0,2,1,1,1
2290,1052,2,2,1,1,16
93,1086,0,2,1,1,8
5074,1007,0,2,1,1,4
4635,161,1,2,2,1,2
1626,520,0,2,2,1,30
11087,823,1,1,2,1,34
15085,1008,2,2,1,1,46
1795,805,0,1,2,2,3
9538,607,2,1,1,1,2
13737,518,0,2,2,1,40
14446,126,0,2,2,1,27
18104,118,0,2,3,2,3
15843,734,1,1,3,2,43
10952,414,0,4,1,1,2
12853,584,1,1,1,1,10
3067,763,0,2,1,1,22
3504,995,2,1,2,1,57
12705,249,1,2,2,1,12
16569,1091,0,2,1,1,1
1527,16,0,2,1,1,1
7030,609,0,4,2,2,3
15503,1060,0,1,1,1,3
2387,118,0,2,2,1,19
6649,976,0,2,1,1,23
9017,459,0,4,1,1,1
1003,244,0,2,2,1,24
6780,609,0,2,2,2,2
8640,133,0,2,2,1,6
972,2,0,1,1,1,2
16126,600,0,1,2,1,24
7712,126,0,2,2,1,19
15544,684,2,2,1,1,15
13109,342,1,2,2,1,8
10126,242,0,2,2,1,370
9125,793,0,1,1,1,89
18233,278,1,2,1,1,1
17620,1107,0,1,2,1,34
7049,1008,0,1,2,1,31
13661,653,1,1,2,1,25
1436,468,0,2,2,1,10
2183,7,1,1,1,1,26
5547,793,0,1,1,1,92
9738,87,1,1,2,2,5
7113,546,0,1,1,1,1
15700,509,0,2,2,1,92
15733,1100,1,1,2,1,607
4021,1052,0,1,2,1,16
878,999,0,2,1,1,1
11695,244,1,2,2,1,47
15412,845,1,2,1,1,23
1972,922,1,1,2,1,3
64,921,0,2,1,1,1
2897,878,0,1,1,1,15
2708,311,0,1,1,1,2
12865,478,0,1,3,2,14
14741,649,0,1,1,1,1
15514,430,0,2,2,1,11
9361,1066,1,1,3,3,5
17629,155,1,2,2,1,6
15650,133,0,2,2,1,5
18543,998,1,1,1,1,1
4605,7,0,1,2,2,3
15922,831,1,1,1,1,6
968,255,0,1,3,1,4
12815,921,1,2,1,1,20
12879,1100,2,1,2,1,190
8265,319,0,2,2,1,2
6388,1052,0,1,3,2,36
15753,921,0,2,1,1,5
8616,1026,0,1,1,1,26
16349,1107,2,1,2,1,3
4596,700,0,1,1,1,2
17616,793,0,1,1,1,26
2675,249,1,2,2,1,4
16526,644,0,1,2,1,377
5285,1086,2,1,2,1,34
15968,760,0,4,1,1,6
12645,734,2,1,3,2,37
7341,945,0,2,1,1,1
13288,193,0,2,2,1,10
2416,358,0,2,2,1,6
11833,1000,0,1,1,1,2
8960,122,0,2,2,1,48
12314,844,2,1,1,1,12
11231,1006,0,1,1,1,1
7246,497,0,2,2,1,487
3266,707,0,2,1,1,22
14273,135,0,2,2,1,38
6925,497,0,2,2,1,516
10708,925,0,1,1,1,126
14518,445,0,2,2,1,71
24,367,0,4,1,1,2
3624,495,0,2,2,1,18
8897,102,0,2,2,1,4
5932,995,1,1,2,1,8
16705,154,0,4,1,1,1
5945,466,0,2,2,1,66
14410,734,0,1,1,1,2
11591,149,1,2,2,1,2
7560,495,0,2,2,1,397
8872,564,1,2,1,1,11
17854,794,0,1,3,3,13
9314,976,1,2,1,1,13
3497,673,0,1,1,1,4
3787,128,0,2,2,1,155
5859,476,0,2,2,1,163
4619,1081,1,1,2,1,14
3532,915,0,1,1,1,2
12383,601,2,1,2,2,12
13005,1042,0,2,1,1,19
11006,707,0,2,2,2,8
11650,763,2,2,1,1,53
3653,244,0,2,2,1,47
11598,344,0,2,2,1,15
14485,479,0,1,3,2,8
18033,288,0,4,1,1,2
4289,325,0,2,2,1,6
18258,810,2,1,2,2,40
17125,1089,1,1,1,1,1
3849,141,1,2,2,1,3
8012,618,0,1,1,1,2
1556,735,0,1,1,1,7
10163,846,0,2,1,1,5
15701,509,0,2,2,1,24
9915,476,0,2,1,1,1
358,1104,1,1,1,1,2
11280,837,1,4,1,1,2
17063,382,0,4,1,1,2
2829,1018,1,1,2,1,6
16241,460,1,2,2,1,36
13416,623,0,1,1,1,2
13834,149,0,2,2,1,8
1341,859,0,1,1,1,4
6969,507,0,2,2,1,13
10434,892,0,2,3,1,21
17876,898,1,1,6,1,24
5369,506,0,2,2,1,216
18175,17,0,1,1,1,5
16369,905,0,1,1,1,1
14198,962,2,2,1,1,49
6509,126,0,2,2,1,20
18004,1008,0,2,1,1,4
13878,145,0,1,2,1,2
17418,471,0,2,2,1,33
17262,899,0,1,4,1,8
15622,1075,1,2,1,1,35
11054,805,0,2,1,1,2
2019,945,0,2,1,1,4
15545,738,0,1,2,2,1
6785,126,1,2,2,1,14
13879,704,1,2,1,1,1
6601,814,0,1,1,1,7
9238,488,0,2,2,1,49
2299,382,0,2,2,1,5
1490,344,0,1,3,1,5
18085,476,0,2,2,1,15
14218,950,1,1,1,1,5
17705,885,0,2,1,1,2
2674,116,0,2,2,1,4
17578,704,1,1,3,2,19
9311,699,0,2,1,1,1
13265,465,0,2,2,1,90
3330,1042,0,2,1,1,32
9204,481,0,2,2,1,108
4018,135,0,2,2,1,14
9981,1037,0,1,1,1,32
13905,126,0,2,2,1,14
10476,810,0,1,1,1,1
8136,149,0,4,1,1,1
12034,707,0,2,2,2,10
4029,1008,0,2,1,1,25
3249,839,2,1,2,2,26
15196,177,0,4,1,1,1
11228,255,0,2,2,1,8
7086,506,0,2,2,1,74
16913,707,0,1,3,2,7
1779,202,0,2,2,1,10
14316,480,0,2,2,1,108
5649,161,0,2,2,1,12
13640,893,1,1,3,1,149
15029,1055,0,2,1,1,5
10629,234,1,1,3,1,12
10591,834,2,2,1,1,52
3593,465,0,2,2,1,49
6088,690,0,1,1,1,6
5749,714,1,1,2,2,4
162,292,0,2,2,1,20
8233,157,0,1,3,1,16
3091,498,0,2,2,1,11
5867,1063,0,1,1,1,2
5471,921,1,2,1,1,20
5550,313,0,2,2,1,14
3539,661,0,1,1,1,4
14384,834,1,1,2,1,5
1624,989,1,1,1,1,5
2599,1066,0,2,2,2,1
16695,478,0,2,2,1,111
2520,427,0,4,1,1,1
11893,199,0,2,2,1,4
4513,466,0,2,2,1,14
15698,504,0,2,2,1,13
4864,245,0,2,2,1,21
17407,100,0,2,2,1,8
16555,126,0,2,2,1,39
3582,471,0,2,2,1,23
17639,734,2,1,2,2,4
1050,881,0,1,2,2,5
1046,710,0,2,1,1,3
795,723,1,1,2,2,4
5009,601,0,1,3,3,6
18299,932,0,2,1,1,4
4459,744,1,1,3,3,15
7562,793,0,1,1,1,16
7880,122,0,2,2,1,66
7332,391,0,1,4,2,23
2891,157,0,4,1,1,1
15339,1107,2,1,2,1,188
161,321,0,2,2,1,20
2539,127,0,2,2,1,39
3730,1100,1,1,2,1,6
3283,793,0,1,1,1,151
6910,447,0,4,1,1,3
14076,834,1,1,2,1,8
9421,1021,2,1,1,1,22
5897,835,0,1,2,1,3
18444,373,0,2,2,1,61
8380,628,0,2,1,1,1
15946,895,2,1,3,1,57
4818,348,1,2,2,1,10
13952,734,1,2,2,2,21
14643,501,0,2,2,1,12
17204,831,0,2,1,1,1
3817,276,0,2,2,1,4
2088,844,2,1,1,1,9
14581,793,0,1,1,1,170
14998,995,2,2,1,1,66
948,1038,1,1,1,1,12
14253,653,0,1,2,1,6
12733,329,0,2,2,1,4
6223,837,0,1,2,2,3
10226,798,1,2,1,1,33
7821,845,0,2,1,1,22
7927,914,1,1,3,2,4
469,480,0,2,2,1,128
9594,793,0,2,1,1,11
12764,653,0,2,1,1,10
1065,600,0,2,1,1,123
18058,1008,0,2,1,1,41
12660,947,1,1,4,2,14
17369,632,2,1,2,2,34
637,122,0,4,1,1,2
14171,17,0,1,2,1,49
6337,1107,2,1,2,1,41
12080,135,0,2,2,1,18
16429,1107,2,1,2,1,106
5468,1011,1,1,1,1,2
1144,734,2,1,2,1,43
2368,494,0,1,3,2,6
18219,484,0,2,2,1,28
8951,505,0,2,2,1,128
2275,144,1,2,2,1,4
10275,803,1,1,1,1,4
11112,957,1,1,1,1,6
10548,1107,0,1,2,1,39
5599,1111,1,1,1,1,6
8087,684,2,1,2,1,142
7827,734,0,2,1,1,17
1867,242,0,2,2,1,247
10837,755,0,1,1,1,7
1397,407,0,4,1,1,2
12126,1100,2,2,1,1,45
14142,506,0,2,2,1,236
17764,808,0,1,2,1,51
12812,925,0,1,1,1,1
17199,475,0,2,2,1,17
15532,220,1,2,2,1,8
7932,637,0,1,1,1,9
12736,836,0,1,1,1,412
2770,1100,2,1,2,1,468
466,937,1,1,1,1,5
5786,314,0,4,1,1,1
3765,1010,0,2,1,1,5
2239,638,0,1,1,1,2
11918,276,1,2,2,1,3
2402,760,1,1,1,1,2
576,322,0,2,2,1,5
7188,124,0,2,2,1,14
9460,885,0,1,1,1,3
16691,979,0,1,1,1,3
5773,707,0,1,3,2,10
17767,618,0,1,2,2,3
16222,600,2,2,1,1,35
10045,875,1,1,1,1,7
813,737,0,1,1,1,12
9123,691,0,2,2,2,19
883,1030,0,2,1,1,2
6044,613,0,1,2,1,15
8891,695,0,1,1,1,8
797,126,0,2,2,1,169
9100,629,0,1,1,1,3
14921,610,0,1,1,1,2
7789,889,1,1,2,2,9
17172,899,1,1,4,1,8
8045,465,0,2,2,1,8
18061,821,1,1,2,1,12
11636,989,0,1,1,1,6
11884,97,1,2,2,1,6
12873,476,0,2,2,1,2
16588,1029,0,1,1,1,2
16742,814,0,2,1,1,4
7830,135,0,2,2,1,50
3061,846,2,1,2,1,25
2671,256,0,2,2,1,16
146,505,0,2,2,1,22
13794,678,1,1,1,1,16
8062,102,0,2,2,1,15
11674,812,0,1,2,2,49
4232,1107,2,2,1,1,203
18528,1042,2,2,1,1,18
6115,242,0,1,3,1,214
8138,495,0,2,2,1,76
10069,885,1,1,1,1,8
17414,1008,0,2,1,1,28
1101,465,0,2,2,1,76
9028,1042,2,2,1,1,18
6224,1061,0,2,1,1,12
4762,536,1,1,3,2,4
623,1100,0,2,1,1,19
11462,400,1,1,2,1,7
3729,208,1,1,2,1,5
6668,895,1,1,3,1,29
16630,147,0,2,2,1,2
4146,1026,0,1,2,2,2
888,85,1,4,1,1,4
5798,604,1,1,1,1,1
3886,1087,1,1,1,1,2
1102,600,2,2,1,1,22
11818,845,2,2,1,1,30
13241,814,0,2,1,1,6
3626,798,2,2,1,1,45
6423,151,0,4,1,1,1
10331,899,2,1,3,1,28
14531,161,0,2,2,1,13
13197,124,0,2,2,1,12
15821,893,1,1,3,1,159
13362,878,0,2,1,1,4
7426,501,0,4,1,1,3
16799,159,0,1,3,2,4
5970,806,2,1,1,1,1
594,734,1,2,1,1,35
6453,475,0,2,2,1,50
15373,961,1,1,1,1,6
14399,919,0,1,1,1,2
5185,390,0,2,2,1,38
18492,135,0,2,2,1,56
8115,745,2,1,1,1,1
11992,471,0,2,2,1,172
3415,155,0,2,2,1,53
16544,1052,0,1,1,1,4
12534,378,0,2,2,1,7
16671,95,0,2,2,1,14
13944,79,0,1,2,2,4
9388,298,0,4,1,1,2
745,272,1,2,2,1,4
1488,504,0,2,2,1,16
11764,805,0,1,1,1,8
17185,684,2,1,2,1,2
339,1095,2,1,5,4,8
6381,737,0,1,1,1,7
13754,613,2,1,2,1,38
2777,507,0,2,2,1,43
13328,465,0,2,2,1,56
1787,599,2,2,1,1,23
1849,1,0,2,1,1,2
6494,823,0,1,1,1,1
15032,814,0,1,1,1,7
15430,963,0,2,1,1,1
3511,996,0,2,1,1,2
14216,91,0,2,2,1,24
2169,737,1,1,1,1,4
3405,388,1,1,2,1,8
5101,822,1,4,1,1,4
5119,18,1,1,1,1,2
13202,475,0,4,1,1,3
11300,485,0,2,2,1,58
15046,546,0,1,2,2,2
9185,790,0,4,1,1,10
17646,756,1,1,2,2,4
12735,826,0,1,2,2,10
9656,818,0,2,1,1,1
10511,1008,2,2,1,1,95
12449,946,0,1,1,1,22
2840,193,0,4,1,1,1
6391,128,0,2,2,1,14
9093,766,0,1,2,1,3
7032,300,0,2,2,1,4
1108,345,0,1,3,1,16
2864,755,0,1,1,1,1
5346,229,0,2,2,1,5
13814,810,1,1,3,1,33
9551,825,1,1,2,1,5
5946,561,1,4,1,1,1
11952,495,0,2,2,1,718
4256,504,0,2,2,1,12
6410,919,0,1,1,1,4
2030,925,0,1,1,1,157
8981,643,2,1,6,1,55
8336,902,0,1,3,3,3
16262,504,0,2,2,1,8
11613,478,0,2,2,1,20
3450,444,1,1,3,1,7
4065,238,0,1,4,2,6
1628,224,1,2,2,1,2
16687,1090,1,1,1,1,7
6813,1115,1,1,1,1,4
10455,1075,2,2,1,1,16
870,167,0,2,2,1,2
18068,106,0,1,1,1,2
14111,1086,2,2,1,1,28
15189,7,0,1,1,1,33
17067,885,0,1,1,1,3
